Estación: ,ADJNL,Las Adjuntas
Variable: ,Gasto en Río (m3/s)
Longitud: ,99° 40' 50'',Latitud:,24° 53' 05.9''

Fecha,Valor
2003-10-01,11.11
2003-10-02,9.6
2003-10-04,7.05
2003-10-09,4.33
2003-10-10,4.52
2003-10-11,4.61
2003-10-12,11.72
2003-10-13,3.82
2003-10-14,3.67
2003-10-15,29.32
2003-10-16,19.82
2003-10-17,7.94
2003-10-18,6.53
2003-10-19,5.69
2003-10-20,5.01
2003-10-21,4.59
2003-10-22,4.21
2003-10-23,4.28
2003-10-24,4.25
2003-10-27,9.77
2003-10-28,8.1
2003-10-29,6.4
2003-10-30,5.59
2003-10-31,5.46
2003-11-01,5.65
2003-11-02,4.33
2003-11-03,4.3
2003-11-04,3.5
2003-11-05,3.38
2003-11-06,3.03
2003-11-07,3.08
2003-11-08,3.07
2003-11-09,3.08
2003-11-10,2.5
2003-11-11,2.31
2003-11-12,2.27
2003-11-13,2.33
2003-11-14,2.23
2003-11-15,2.26
2003-11-16,2.25
2003-11-18,1.78
2003-11-19,1.77
2003-11-20,1.77
2003-11-21,1.55
2003-11-22,1.6
2003-11-23,1.57
2003-11-24,1.4
2003-11-25,1.58
2003-11-26,1.58
2003-11-27,1.56
2003-11-28,1.53
2003-11-29,1.54
2003-12-01,1.53
2003-12-18,1.15
2003-12-19,1.21
2003-12-20,1.24
2003-12-21,1.23
2003-12-22,1.22
2003-12-23,1.23
2003-12-24,1.22
2003-12-25,1.23
2003-12-26,1.23
2003-12-27,1.15
2003-12-28,1.15
2003-12-29,1.15
2003-12-30,1.04
2003-12-31,1.08
2004-01-01,1.14
2004-01-02,1.15
2004-01-03,1.16
2004-01-04,1.15
2004-01-05,1.15
2004-01-06,1.62
2004-01-07,1.15
2004-01-10,0.91
2004-01-11,0.92
2004-01-12,0.94
2004-01-13,0.93
2004-01-14,0.92
2004-01-15,0.93
2004-01-16,0.93
2004-01-17,0.93
2004-01-18,0.92
2004-01-19,0.91
2004-01-20,0.91
2004-01-21,0.92
2004-01-22,0.94
2004-01-23,0.95
2004-01-26,0.95
2004-01-27,0.92
2004-01-28,0.87
2004-01-29,0.86
2004-01-30,0.85
2004-01-31,0.87
2004-02-01,0.84
2004-03-01,0.91
2004-03-02,0.48
2004-03-03,0.49
2004-03-04,0.5
2004-03-05,0.5
2004-03-06,0.5
2004-03-07,0.45
2004-03-08,0.47
2004-03-09,0.46
2004-03-10,0.47
2004-03-11,0.43
2004-03-12,0.47
2004-03-13,0.84
2004-03-14,0.66
2004-03-15,0.67
2004-03-16,0.72
2004-03-17,0.58
2004-03-18,0.59
2004-03-19,0.58
2004-03-20,0.57
2004-03-21,0.7
2004-03-22,0.89
2004-03-23,0.83
2004-03-24,0.82
2004-03-25,0.76
2004-03-26,0.86
2004-03-27,0.85
2004-03-28,0.84
2004-03-29,0.66
2004-04-01,0.79
2004-04-02,1.2
2004-04-03,1.12
2004-04-05,1.18
2004-04-06,1.16
2004-04-07,0.97
2004-04-08,0.96
2004-04-09,0.83
2004-04-10,0.85
2004-04-11,0.85
2004-04-12,0.78
2004-04-13,0.79
2004-04-14,0.7
2004-04-15,0.71
2004-04-16,0.71
2004-04-17,0.7
2004-04-18,0.72
2004-04-19,0.65
2004-04-20,0.65
2004-04-21,0.63
2004-04-22,0.63
2004-04-23,0.55
2004-04-24,1.22
2004-04-25,0.85
2004-04-26,9.86
2004-04-27,12.34
2004-04-28,4.12
2004-04-30,3
2004-05-01,2.42
2004-05-02,2.44
2004-05-03,1.72
2004-05-04,1.57
2004-05-05,1.56
2004-05-06,1.19
2004-05-07,1.26
2004-05-08,1.22
2004-05-09,1.2
2004-05-10,1.17
2004-05-11,1.19
2004-05-12,1.16
2004-05-13,0.9
2004-05-14,0.99
2004-05-15,1.25
2004-05-16,1.25
2004-05-17,1.21
2004-05-18,1.21
2004-05-19,1.01
2004-05-20,0.94
2004-05-22,0
2006-04-06,0.269
2006-04-07,0.271
2006-04-08,0.263
2006-04-09,0.26
2006-04-10,0.261
2006-04-11,0.262
2006-04-12,0.263
2006-04-14,0.251
2006-04-15,0.251
2006-04-16,0.253
2006-04-17,0.253
2006-04-18,0.251
2006-04-19,0.226
2006-04-20,0.208
2006-04-21,0.2
2006-04-22,0.215
2006-04-23,0.281
2006-04-25,0.229
2006-04-26,0.244
2006-04-27,0.22
2006-04-28,0.235
2006-04-29,0.242
2006-04-30,0.212
2006-05-01,0.24
2006-05-02,0.198
2006-05-03,0.205
2006-05-04,0.194
2006-05-05,0.207
2006-05-06,0.2
2006-05-07,0.208
2006-05-08,0.202
2006-05-09,0.198
2006-05-10,0.215
2006-05-11,0.215
2006-05-12,0.205
2006-05-13,0.261
2006-05-14,0.265
2006-05-16,0.226
2006-05-17,0.226
2006-05-18,0.24
2006-05-19,0.227
2006-05-21,0.215
2006-05-22,0.209
2006-05-24,0.198
2006-05-25,0.193
2006-05-26,0.186
2006-05-27,0.18
2006-05-28,0.198
2006-05-31,0.214
2006-06-01,0.369
2006-06-02,0.536
2006-06-03,1.616
2006-06-04,1.297
2006-06-05,0.935
2006-06-06,0.697
2006-06-07,0.645
2006-06-08,0.521
2006-06-09,0.442
2006-06-10,0.399
2006-06-11,0.389
2006-06-12,0.332
2006-06-13,0.284
2006-06-14,0.256
2006-06-15,0.25
2006-06-17,0.22
2006-06-18,0.214
2006-06-19,0.218
2006-06-20,0.223
2006-06-21,0.209
2006-06-22,0.209
2006-06-23,0.216
2006-06-24,0.226
2006-06-25,0.216
2006-06-26,0.222
2006-06-27,0.253
2006-06-28,0.236
2006-06-30,0.217
2006-07-01,0.211
2006-07-03,0.217
2006-07-04,0.22
2006-07-05,0.284
2006-07-06,0.224
2006-07-07,0.244
2006-07-08,0.339
2006-07-09,0.341
2006-07-10,0.332
2006-07-11,0.275
2006-07-13,0.252
2006-07-14,0.235
2006-07-15,0.222
2006-07-16,0.226
2006-07-17,0.242
2006-07-18,0.184
2006-07-19,0.19
2006-07-20,0.344
2006-07-21,0.281
2006-07-22,0.215
2006-07-23,0.334
2006-07-24,0.269
2006-07-29,0.226
2006-07-30,0.225
2006-07-31,0.297
2006-08-01,0.18
2006-08-02,0.193
2006-08-04,0.27
2006-08-05,0.27
2006-08-06,0.212
2006-08-07,0.27
2006-08-08,0.304
2006-08-09,0.354
2006-08-10,0.317
2006-08-11,0.299
2006-08-12,0.278
2006-08-13,0.244
2006-08-14,0.252
2006-08-15,0.234
2006-08-16,0.211
2006-08-17,0.215
2006-08-18,0.213
2006-08-19,0.188
2006-08-20,0.231
2006-08-21,0.213
2006-08-22,0.194
2006-08-23,0.196
2006-08-24,0.199
2006-08-25,0.189
2006-08-26,0.183
2006-08-27,0.18
2006-08-28,0.168
2006-08-29,0.151
2006-08-30,0.131
2006-08-31,0.185
2006-09-01,0.227
2006-09-02,0.171
2006-09-03,0.154
2006-09-04,0.16
2006-09-05,0.145
2006-09-06,0.347
2006-09-07,0.211
2006-09-08,0.195
2006-09-09,0.215
2006-09-10,0.194
2006-09-11,0.195
2006-09-12,0.305
2006-09-13,3.579
2006-09-14,1.181
2006-09-15,0.996
2006-09-16,0.328
2006-09-17,0.305
2006-09-18,0.367
2006-09-19,0.362
2006-09-20,0.525
2006-09-21,0.402
2006-09-22,0.386
2006-09-23,0.333
2006-09-24,0.31
2006-09-25,3.668
2006-09-26,2.614
2006-09-27,1.54
2006-09-28,1.129
2006-09-29,0.998
2006-09-30,0.925
2006-10-01,0.67
2006-10-02,0.449
2006-10-03,0.537
2006-10-04,0.471
2006-10-05,0.449
2006-10-06,0.442
2006-10-07,0.376
2006-10-08,0.361
2006-10-09,0.334
2006-10-10,0.352
2006-10-11,0.326
2006-10-12,0.316
2006-10-13,0.523
2006-10-14,0.941
2006-10-15,0.449
2006-10-16,0.434
2006-10-17,0.489
2006-10-18,0.478
2006-10-19,0.39
2006-10-20,0.393
2006-10-21,0.333
2006-10-22,0.358
2006-10-23,0.352
2006-10-24,0.369
2006-10-25,0.357
2006-10-26,0.339
2006-10-27,0.339
2006-10-28,0.336
2006-10-29,0.307
2006-10-30,0.322
2006-10-31,0.301
2006-11-01,0.292
2006-11-02,8.79
2006-11-03,1.458
2006-11-04,1.157
2006-11-05,1.158
2006-11-06,0.941
2006-11-07,0.867
2006-11-08,0.62
2006-11-09,0.594
2006-11-10,0.528
2006-11-11,0.486
2006-11-12,0.449
2006-11-13,0.457
2006-11-14,0.425
2006-11-15,0.409
2006-11-16,0.399
2006-11-17,0.388
2006-11-18,0.382
2006-11-20,0.361
2006-11-21,0.376
2006-11-22,0.337
2006-11-23,0.328
2006-11-24,0.311
2006-11-25,0.309
2006-11-26,0.336
2006-11-27,0.315
2006-11-28,0.315
2006-11-29,0.307
2006-11-30,0.299
2006-12-01,0.299
2006-12-02,0.299
2007-01-04,0.275
2007-01-05,0.278
2007-01-06,0.27
2007-01-08,0.254
2007-01-09,0.248
2007-01-10,0.237
2007-01-12,0.248
2007-01-13,0.244
2007-01-15,0.248
2007-01-16,0.24
2007-01-17,0.237
2007-01-18,0.237
2007-01-19,0.249
2007-01-20,0.252
2007-01-21,0.244
2007-01-22,0.237
2007-01-23,0.228
2007-01-25,0.24
2007-01-26,0.282
2007-01-27,0.291
2007-01-28,0.27
2007-01-29,0.263
2007-01-30,0.252
2007-01-31,0.257
2007-02-01,0.253
2007-02-02,0.255
2007-02-03,0.255
2007-02-04,0.27
2007-02-06,0.263
2007-02-07,0.349
2007-02-08,0.309
2007-02-09,0.306
2007-02-10,0.352
2007-02-11,0.349
2007-02-12,0.348
2007-02-13,0.334
2007-02-14,0.347
2007-02-15,0.33
2007-02-16,0.341
2007-02-18,0.306
2007-02-19,0.3
2007-02-20,0.292
2007-02-21,0.301
2007-02-22,0.305
2007-02-23,0.294
2007-02-25,0.293
2007-02-26,0.292
2007-02-27,0.281
2007-02-28,0.264
2007-03-01,0.256
2007-03-02,0.266
2007-03-03,0.259
2007-03-04,0.26
2007-03-05,0.257
2007-03-06,0.219
2007-03-07,0.221
2007-03-08,0.229
2007-03-10,0.236
2007-03-11,0.205
2007-03-12,0.209
2007-03-13,0.214
2007-03-14,0.231
2007-03-15,0.224
2007-03-16,0.206
2007-03-17,0.218
2007-03-18,0.203
2007-03-19,0.198
2007-03-20,0.197
2007-03-21,0.189
2007-03-22,0.186
2007-03-23,0.294
2007-03-25,0.177
2007-03-26,0.176
2007-03-27,0.167
2007-03-28,0.165
2007-03-29,0.154
2007-03-30,0.155
2007-04-01,0.16
2007-04-02,0.158
2007-04-03,0.162
2007-04-04,0.157
2007-04-05,0.19
2007-04-06,0.197
2007-04-07,0.221
2007-04-08,0.229
2007-04-09,0.202
2007-04-10,0.189
2007-04-11,0.186
2007-04-12,0.17
2007-04-13,0.17
2007-04-14,0.146
2007-04-15,0.139
2007-04-16,0.11
2007-04-17,0.134
2007-04-18,0.123
2007-04-19,0.115
2007-04-20,0.109
2007-04-21,0.112
2007-04-22,0.101
2007-04-24,0.103
2007-04-25,0.115
2007-04-26,0.108
2007-04-27,0.113
2007-04-28,0.107
2007-04-29,0.111
2007-04-30,0.112
2007-05-01,0.096
2007-05-02,0.098
2007-05-03,0.101
2007-05-04,0.097
2007-05-05,0.097
2007-05-06,0.093
2007-05-07,0.087
2007-05-08,0.227
2007-05-09,0.393
2007-05-10,0.218
2007-05-11,0.358
2007-05-12,0.245
2007-05-13,0.207
2007-05-14,0.175
2007-05-15,0.149
2007-05-16,0.138
2007-05-17,0.14
2007-05-18,0.134
2007-05-19,0.23
2007-05-20,0.244
2007-05-21,0.276
2007-05-22,0.245
2007-05-23,0.217
2007-05-24,0.196
2007-05-25,0.272
2007-05-26,5.18
2007-05-27,1.13
2007-05-28,0.96
2007-05-29,1.137
2007-05-30,1.021
2007-06-01,0.709
2007-06-02,0.624
2007-06-03,0.529
2007-06-04,0.482
2007-06-05,0.447
2007-06-06,0.444
2007-06-07,0.392
2007-06-08,0.32
2007-06-09,0.308
2007-06-11,0.483
2007-06-12,0.33
2007-06-13,0.302
2007-06-14,0.265
2007-06-15,0.255
2007-06-16,0.245
2007-06-17,0.33
2007-06-18,0.214
2007-06-19,0.217
2007-06-20,0.157
2007-07-20,5.092
2007-07-21,2.749
2007-07-22,2.28
2007-07-23,1.859
2007-07-29,0.941
2007-07-30,0.67
2007-07-31,0.956
2007-08-01,0.859
2007-08-02,0.825
2007-08-03,0.799
2007-08-04,0.709
2007-08-06,0.569
2007-08-07,0.549
2007-08-08,0.489
2007-08-09,0.466
2007-08-10,0.437
2007-08-12,0.428
2007-08-13,0.36
2007-08-14,0.342
2007-08-15,0.316
2007-08-17,0.342
2007-08-18,0.375
2007-08-19,0.336
2007-08-20,0.304
2007-08-21,0.306
2007-08-22,0.681
2007-08-23,1.151
2007-08-24,1.032
2007-08-25,1.137
2007-08-27,1.324
2007-08-30,5.18
2007-08-31,4.109
2007-09-01,4.235
2007-09-04,11.653
2007-09-05,8.597
2007-09-06,6.703
2007-09-07,6.392
2007-09-08,5.255
2007-09-09,4.407
2007-09-10,4.408
2007-09-11,3.583
2007-09-12,3.482
2007-09-13,3.234
2007-09-14,3.018
2007-09-15,6.35
2007-09-16,13.963
2007-09-17,14.015
2007-09-18,10.162
2007-09-19,8.344
2007-09-20,6.591
2007-09-21,5.658
2007-09-22,4.974
2007-09-23,4.437
2007-09-24,4.08
2007-09-25,3.759
2007-09-26,3.3
2007-09-27,2.989
2007-09-28,2.992
2007-09-29,2.997
2007-09-30,2.894
2007-10-01,2.631
2007-10-02,2.556
2007-10-03,2.535
2007-10-04,2.127
2007-10-05,2.029
2007-10-06,1.899
2007-10-07,1.752
2007-10-08,1.793
2007-10-09,1.812
2007-10-10,2.215
2007-10-11,2.312
2007-10-12,2.011
2007-10-13,2
2007-10-15,1.66
2007-10-16,1.567
2007-10-17,1.588
2007-10-18,1.359
2007-10-19,1.372
2007-10-20,1.351
2007-10-21,1.326
2007-10-22,1.206
2007-10-23,1.142
2007-10-24,1.032
2007-10-25,1
2007-10-26,1.037
2007-10-27,1.095
2007-10-28,1.058
2007-10-29,0.907
2007-10-30,0.949
2007-10-31,0.894
2007-11-01,0.849
2007-11-03,0.825
2007-11-04,0.834
2007-11-05,0.776
2007-11-06,0.736
2007-11-07,0.756
2007-11-08,0.79
2007-11-09,0.858
2007-11-10,0.816
2007-11-11,0.796
2007-11-12,0.776
2007-11-13,0.706
2007-11-14,0.681
2007-11-16,0.69
2007-11-17,0.642
2007-11-18,0.632
2007-11-19,0.618
2007-11-20,0.65
2007-11-21,0.579
2007-11-22,0.566
2007-11-23,0.566
2007-11-24,0.555
2007-11-25,0.581
2007-11-26,0.577
2007-11-27,0.546
2007-11-28,0.515
2007-11-29,0.544
2007-11-30,0.549
2007-12-01,0.546
2007-12-02,0.532
2007-12-03,0.566
2007-12-04,0.521
2007-12-05,0.507
2007-12-06,0.501
2007-12-07,0.506
2007-12-08,0.508
2007-12-09,0.506
2007-12-10,0.504
2007-12-11,0.492
2007-12-12,0.522
2007-12-13,0.502
2007-12-14,0.505
2007-12-15,0.505
2007-12-16,0.504
2008-01-16,0.344
2008-01-17,0.342
2008-01-18,0.335
2008-01-19,0.342
2008-01-20,0.333
2008-01-21,0.328
2008-01-22,0.311
2008-01-23,0.292
2008-01-24,0.278
2008-01-25,0.281
2008-01-26,0.279
2008-01-27,0.361
2008-01-28,0.337
2008-01-29,0.325
2008-01-30,0.323
2008-01-31,0.333
2008-02-01,0.326
2008-02-02,0.318
2008-02-03,0.322
2008-02-04,0.32
2008-02-05,0.318
2008-02-06,0.309
2008-02-08,0.304
2008-02-09,0.29
2008-02-10,0.29
2008-02-11,0.283
2008-02-12,0.3
2008-02-13,0.288
2008-02-14,0.305
2008-02-15,0.294
2008-02-16,0.29
2008-02-17,0.288
2008-02-18,0.283
2008-02-19,0.274
2008-02-20,0.277
2008-02-21,0.296
2008-02-22,0.303
2008-02-23,0.287
2008-02-25,0.27
2008-02-26,0.255
2008-02-27,0.24
2008-02-28,0.24
2008-02-29,0.236
2008-03-01,0.233
2008-03-02,0.232
2008-03-03,0.228
2008-03-04,0.234
2008-03-05,0.227
2008-03-06,0.238
2008-03-07,0.225
2008-03-08,0.223
2008-03-09,0.221
2008-03-10,0.202
2008-03-11,0.199
2008-03-12,0.205
2008-03-13,0.204
2008-03-14,0.198
2008-03-15,0.194
2008-03-16,0.192
2008-03-17,0.183
2008-03-18,0.185
2008-03-19,0.186
2008-03-20,0.182
2008-03-21,0.175
2008-03-22,0.179
2008-03-23,0.174
2008-03-24,0.199
2008-03-25,0.258
2008-03-26,0.212
2008-03-27,0.195
2008-03-28,0.181
2008-03-29,0.179
2008-03-30,0.171
2008-03-31,0.175
2008-04-01,0.169
2008-04-03,0.167
2008-04-04,0.173
2008-04-05,0.162
2008-04-06,0.168
2008-04-08,0.154
2008-04-09,0.151
2008-04-10,0.124
2008-04-11,0.117
2008-04-12,0.117
2008-04-13,0.123
2008-04-14,0.12
2008-04-15,0.122
2008-04-16,0.119
2008-04-17,0.125
2008-04-18,0.118
2008-04-19,0.116
2008-04-20,0.107
2008-04-21,0.109
2008-04-22,0.105
2008-04-23,0.108
2008-04-24,0.104
2008-04-25,0.108
2008-04-26,0.098
2008-04-27,0.112
2008-04-28,0.492
2008-04-29,0.204
2008-04-30,0.198
2008-05-01,0.155
2008-05-03,0.157
2008-05-04,0.575
2008-05-05,0.281
2008-05-06,0.255
2008-05-07,0.212
2008-05-08,0.191
2008-05-09,0.16
2008-05-10,0.149
2008-05-11,0.143
2008-05-12,0.134
2008-05-13,0.187
2008-05-14,0.127
2008-05-15,0.118
2008-05-16,0.146
2008-05-17,0.626
2008-05-18,0.471
2008-05-19,0.229
2008-05-20,0.209
2008-05-21,0.212
2008-05-22,0.201
2008-05-23,0.15
2008-05-24,0.141
2008-05-25,0.12
2008-05-26,0.112
2008-05-27,0.122
2008-05-28,0.121
2008-05-29,0.114
2008-05-30,0.095
2008-05-31,0.104
2008-06-01,0.098
2008-06-02,0.094
2008-06-03,0.09
2008-06-04,0.086
2008-06-05,0.06
2008-06-06,0.056
2008-06-07,0.066
2008-06-08,0.062
2008-06-09,0.054
2008-06-10,0.092
2008-06-11,0.091
2008-06-12,0.08
2008-06-14,0.066
2008-06-15,0.068
2008-06-17,0.058
2008-06-18,0.056
2008-06-19,0.052
2008-06-20,0.052
2008-06-21,0.038
2008-06-22,0.08
2008-06-23,0.07
2008-06-24,0.051
2008-06-25,0.048
2008-06-26,0.042
2008-06-27,0.04
2008-06-28,0.038
2008-06-29,0.033
2008-07-01,0.036
2008-07-02,0.034
2008-07-03,0.032
2008-07-04,0.03
2008-07-05,0.071
2008-07-06,0.331
2008-07-07,0.345
2008-07-08,0.416
2008-07-09,0.681
2008-07-10,1.829
2008-07-12,1.09
2008-07-13,0.608
2008-07-14,0.617
2008-07-15,0.584
2008-07-17,0.512
2008-07-18,0.448
2008-07-19,0.432
2008-07-20,0.458
2008-07-21,0.43
2008-07-27,0.321
2008-07-28,0.276
2008-07-29,0.262
2008-07-30,0.243
2008-07-31,0.235
2008-08-01,0.233
2008-08-02,0.221
2008-08-04,0.2
2008-08-05,0.197
2008-08-06,0.177
2008-08-08,0.159
2008-08-09,0.158
2008-08-11,0.159
2008-08-12,0.158
2008-08-13,0.142
2008-08-14,0.136
2008-08-16,0.195
2008-08-17,0.161
2008-08-18,0.165
2008-08-19,0.173
2008-08-20,0.174
2008-08-21,0.168
2008-08-22,0.189
2008-08-23,0.182
2008-08-24,0.261
2008-08-25,0.318
2008-08-27,1.085
2008-08-28,0.988
2008-08-29,0.949
2008-08-31,1.1
2008-09-01,2.017
2008-09-02,1.223
2008-09-04,1.085
2008-09-05,22.215
2008-09-06,10.162
2008-09-07,8.314
2008-09-10,7.77
2008-09-11,6.644
2008-09-12,4.663
2008-09-13,3.716
2008-09-14,4.112
2008-09-15,5.482
2008-09-16,21.105
2008-09-17,12.587
2008-09-18,9.447
2008-09-19,7.853
2008-09-20,6.593
2008-09-21,6.019
2008-09-23,6.01
2008-09-24,50.559
2008-09-25,88.425
2008-09-26,31.405
2008-09-27,21.677
2008-09-29,15.344
2008-09-30,12.472
2008-10-01,10.921
2008-10-02,9.698
2008-10-03,8.623
2008-10-04,7.936
2008-10-05,7.126
2008-10-06,6.717
2008-10-07,6.091
2008-10-08,22.77
2008-10-09,17.126
2008-10-10,11.78
2008-10-11,9.819
2008-10-12,8.307
2008-10-13,7.596
2008-10-14,7.108
2008-10-15,6.197
2008-10-16,8.509
2008-10-17,12.319
2008-10-18,9.992
2008-10-19,8.546
2008-10-20,7.658
2008-10-21,6.347
2008-10-22,6.028
2008-10-23,5.791
2008-10-24,5.401
2008-10-25,4.977
2008-10-26,4.978
2008-10-27,7.342
2008-10-28,6.343
2008-10-29,5.248
2008-10-30,4.865
2008-10-31,4.864
2008-11-01,4.604
2008-11-02,4.291
2008-11-03,3.967
2008-11-04,3.944
2008-11-05,3.606
2008-11-06,3.458
2008-11-07,3.134
2008-11-08,2.984
2008-11-09,3.202
2008-11-10,2.953
2008-11-11,2.808
2008-11-12,2.675
2008-11-13,2.769
2008-11-14,2.511
2008-11-15,2.44
2008-11-16,2.53
2008-11-17,2.437
2008-11-18,2.283
2008-11-19,2.245
2008-11-20,2.207
2008-11-21,2.237
2008-11-22,2.198
2008-11-23,2.026
2008-11-24,1.969
2008-11-25,2.035
2008-11-26,2.026
2008-11-27,1.948
2008-11-28,1.928
2008-11-29,1.891
2008-12-01,1.482
2008-12-02,1.507
2008-12-03,1.459
2008-12-04,1.386
2008-12-05,1.327
2008-12-06,1.319
2008-12-07,1.211
2008-12-08,1.228
2008-12-09,1.396
2008-12-10,1.297
2008-12-11,1.237
2008-12-13,1.253
2008-12-14,1.246
2008-12-15,1.213
2008-12-17,1.177
2009-01-19,0.859
2009-01-20,0.814
2009-01-21,0.819
2009-01-22,0.834
2009-01-23,0.824
2009-01-25,0.806
2009-01-26,0.79
2009-01-27,0.788
2009-01-28,0.825
2009-01-29,0.806
2009-01-30,0.809
2009-01-31,0.784
2009-02-01,0.8
2009-02-02,0.793
2009-02-03,0.776
2009-02-04,0.769
2009-02-06,0.699
2009-02-07,0.693
2009-02-08,0.702
2009-02-09,0.695
2009-02-10,0.659
2009-02-11,0.645
2009-02-12,0.637
2009-02-13,0.644
2009-02-14,0.639
2009-02-15,0.635
2009-02-16,0.638
2009-02-17,0.66
2009-02-18,0.667
2009-02-20,0.631
2009-02-21,0.631
2009-02-22,0.632
2009-02-23,0.625
2009-02-24,0.616
2009-02-26,0.574
2009-02-27,0.57
2009-02-28,0.569
2009-03-01,0.56
2009-03-02,0.556
2009-03-03,0.547
2009-03-04,0.549
2009-03-05,0.545
2009-03-06,0.512
2009-03-07,0.51
2009-03-08,0.502
2009-03-09,0.496
2009-03-10,0.484
2009-03-11,0.491
2009-03-12,0.486
2009-03-13,0.496
2009-03-14,0.497
2009-03-15,0.499
2009-03-16,0.5
2009-03-17,0.487
2009-03-18,0.477
2009-03-19,0.469
2009-03-20,0.467
2009-03-21,0.469
2009-03-22,0.463
2009-03-23,0.456
2009-03-24,0.439
2009-03-25,0.425
2009-03-26,0.428
2009-03-27,0.379
2009-03-28,0.375
2009-03-29,0.375
2009-03-30,0.381
2009-03-31,0.367
2009-04-01,0.346
2009-04-02,0.346
2009-04-03,0.34
2009-04-04,0.338
2009-04-05,0.324
2009-04-06,0.326
2009-04-07,0.325
2009-04-08,0.316
2009-04-09,0.307
2009-04-10,0.303
2009-04-11,0.301
2009-04-12,0.3
2009-04-13,0.299
2009-04-14,0.301
2009-04-15,0.293
2009-04-16,0.284
2009-04-17,0.283
2009-04-18,0.286
2009-04-20,0.289
2009-04-21,0.322
2009-04-23,0.314
2009-04-25,0.299
2009-04-26,0.292
2009-04-27,0.286
2009-04-29,0.272
2009-04-30,0.27
2009-05-02,0.267
2009-05-03,0.257
2009-05-04,0.231
2009-05-05,0.209
2009-05-06,0.215
2009-05-07,0.201
2009-05-08,0.199
2009-05-09,0.199
2009-05-10,0.198
2009-05-11,0.192
2009-05-12,0.193
2009-05-13,0.184
2009-05-14,0.202
2009-05-15,0.206
2009-05-17,0.453
2009-05-18,0.451
2009-05-19,0.425
2009-05-20,0.25
2009-05-21,0.256
2009-05-22,0.251
2009-05-23,0.238
2009-05-24,0.231
2009-05-25,0.212
2009-05-26,0.226
2009-05-27,0.219
2009-05-28,0.218
2009-05-29,0.21
2009-05-30,0.238
2009-05-31,0.235
2009-06-01,0.269
2009-06-02,0.28
2009-06-03,0.273
2009-06-04,1.177
2009-06-05,0.859
2009-06-06,0.633
2009-06-07,0.497
2009-06-08,0.458
2009-06-09,0.377
2009-06-10,0.325
2009-06-11,0.316
2009-06-12,0.301
2009-06-13,0.293
2009-06-14,0.186
2009-06-15,0.184
2009-06-16,0.176
2009-06-17,0.165
2009-06-18,0.16
2009-06-19,0.157
2009-06-20,0.156
2009-06-21,0.153
2009-06-22,0.141
2009-06-23,0.147
2009-06-24,0.142
2009-06-25,0.152
2009-06-26,0.157
2009-06-27,0.161
2009-06-28,0.16
2009-06-29,0.16
2009-06-30,0.151
2009-07-01,0.149
2009-07-02,0.141
2009-07-03,0.145
2009-07-04,0.137
2009-07-05,0.142
2009-07-06,0.138
2009-07-07,0.14
2009-07-08,0.142
2009-07-09,0.13
2009-07-10,0.149
2009-07-11,0.145
2009-07-12,0.139
2009-07-13,0.141
2009-07-14,0.13
2009-07-15,0.129
2009-07-16,0.127
2009-07-17,0.126
2009-07-18,0.118
2009-07-19,0.11
2009-07-20,0.105
2009-07-21,0.099
2009-07-22,0.094
2009-07-23,0.093
2009-07-24,0.092
2009-07-25,0.087
2009-07-26,0.088
2009-07-27,0.084
2009-08-01,0.08
2009-08-02,0.077
2009-08-03,0.076
2009-08-04,0.074
2009-08-05,0.074
2009-08-06,0.075
2009-08-07,0.076
2009-08-08,0.074
2009-08-09,0.074
2009-08-10,0.072
2009-08-11,0.072
2009-08-12,0.071
2009-08-13,0.066
2009-08-14,0.068
2009-08-15,0.068
2009-08-16,0.067
2009-08-17,0.064
2009-08-18,0.056
2009-08-19,0.053
2009-08-20,0.051
2009-08-22,0.051
2009-08-23,0.05
2009-08-24,0.049
2009-08-25,0.055
2009-08-26,0.054
2009-08-27,0.054
2009-08-28,0.055
2009-08-29,0.054
2009-08-30,0.052
2009-08-31,0.27
2009-09-01,6.969
2009-09-02,2.954
2009-09-03,2.722
2009-09-04,1.591
2009-09-05,5.921
2009-09-06,5.828
2009-09-07,3.301
2009-09-08,4.656
2009-09-09,3.8
2009-09-10,2.707
2009-09-11,7.17
2009-09-12,5.053
2009-09-13,3.448
2009-09-14,2.787
2009-09-15,2.066
2009-09-16,1.92
2009-09-17,4.439
2009-09-18,2.702
2009-09-19,2.964
2009-09-20,4.167
2009-09-21,3.005
2009-09-22,2.331
2009-09-23,10.174
2009-09-24,7.652
2009-09-25,5.251
2009-09-26,4.094
2009-09-27,3.381
2009-09-28,2.818
2009-09-29,2.515
2009-09-30,2.256
2009-10-01,2.175
2009-10-02,1.799
2009-10-03,1.795
2009-10-04,1.784
2009-10-05,1.496
2009-10-06,1.435
2009-10-07,1.34
2009-10-08,1.214
2009-10-09,1.198
2009-10-10,1.778
2009-10-11,1.027
2009-10-12,0.981
2009-10-13,0.84
2009-10-14,0.858
2009-10-15,0.855
2009-10-16,0.832
2009-10-17,2.377
2009-10-18,2.528
2009-10-19,1.948
2009-10-20,1.903
2009-10-21,1.881
2009-10-22,1.639
2009-10-23,1.633
2009-10-24,1.603
2009-10-25,1.433
2009-10-26,1.034
2009-10-27,0.97
2009-10-28,0.886
2009-10-29,0.865
2009-10-30,0.868
2009-10-31,0.852
2009-11-01,0.858
2009-11-02,0.855
2009-11-03,0.842
2009-11-04,0.838
2009-11-05,0.822
2009-11-06,0.798
2009-11-07,0.789
2009-11-08,0.781
2009-11-09,0.759
2009-11-10,0.751
2009-11-11,0.742
2009-11-12,0.747
2009-11-13,0.736
2009-11-14,0.73
2009-11-15,0.692
2009-11-16,0.666
2009-11-17,0.646
2009-11-18,0.642
2009-11-19,0.581
2009-11-20,0.575
2009-11-21,0.568
2009-11-22,0.558
2009-11-23,0.564
2009-11-24,0.554
2009-11-25,0.565
2009-11-26,0.551
2009-11-27,0.546
2009-11-28,0.535
2009-11-30,0.484
2009-12-01,2.145
2009-12-02,1.527
2009-12-03,1.055
2009-12-04,1.005
2009-12-05,1.005
2009-12-06,0.979
2009-12-07,0.983
2009-12-08,0.969
2009-12-09,0.97
2009-12-10,0.933
2009-12-11,0.901
2009-12-12,0.898
2009-12-13,0.878
2010-01-13,0.86
2010-01-14,0.868
2010-01-15,0.863
2010-01-16,0.885
2010-01-17,0.996
2010-01-18,0.997
2010-01-19,0.958
2010-01-20,0.969
2010-01-21,0.974
2010-01-22,0.95
2010-01-23,0.959
2010-01-24,0.938
2010-01-25,0.944
2010-01-26,0.943
2010-01-27,0.928
2010-01-28,0.917
2010-01-29,0.905
2010-01-30,0.893
2010-01-31,0.871
2010-02-01,0.871
2010-02-02,0.873
2010-02-03,0.894
2010-02-05,0.873
2010-02-07,0.866
2010-02-08,0.857
2010-02-09,0.781
2010-02-10,0.758
2010-02-11,0.748
2010-02-13,0.733
2010-02-14,0.732
2010-02-15,0.72
2010-02-16,0.715
2010-02-17,0.709
2010-02-18,0.706
2010-02-19,0.707
2010-02-20,0.694
2010-02-21,0.685
2010-02-22,0.675
2010-02-23,0.665
2010-02-24,0.66
2010-02-25,0.648
2010-02-26,0.637
2010-02-27,0.609
2010-02-28,0.601
2010-03-01,0.591
2010-03-02,0.584
2010-03-03,0.57
2010-03-04,0.564
2010-03-05,0.558
2010-03-06,0.551
2010-03-07,0.542
2010-03-08,0.538
2010-03-09,0.529
2010-03-10,0.519
2010-03-11,0.493
2010-03-12,0.494
2010-03-13,0.488
2010-03-14,0.48
2010-03-15,0.474
2010-03-16,0.47
2010-03-17,0.481
2010-03-18,0.435
2010-03-19,0.445
2010-03-20,0.439
2010-03-21,0.415
2010-03-22,0.408
2010-03-23,0.401
2010-03-24,0.39
2010-03-25,0.381
2010-03-26,0.379
2010-03-27,0.374
2010-03-28,0.367
2010-03-29,0.36
2010-03-30,0.347
2010-03-31,0.339
2010-04-01,0.331
2010-04-02,0.32
2010-04-03,0.317
2010-04-04,0.313
2010-04-05,0.309
2010-04-06,0.303
2010-04-07,0.292
2010-04-08,0.23
2010-04-10,0.192
2010-04-11,0.183
2010-04-12,0.179
2010-04-13,1.943
2010-04-14,7.653
2010-04-15,2.964
2010-04-16,7.17
2010-04-17,5.828
2010-04-18,10.174
2010-04-19,5.84
2010-04-20,7.12
2010-04-21,7.09
2010-04-22,5.032
2010-04-25,2.066
2010-04-26,2.055
2010-04-27,1.913
2010-04-28,1.771
2010-04-29,1.752
2010-04-30,1.527
2010-05-01,1.507
2010-05-02,1.42
2010-05-03,1.39
2010-05-04,1.389
2010-05-05,1.313
2010-05-06,1.2
2010-05-07,1.555
2010-05-08,1.177
2010-05-09,0.971
2010-05-10,0.979
2010-05-11,0.967
2010-05-12,0.962
2010-05-13,0.954
2010-05-14,0.949
2010-05-15,0.948
2010-05-16,0.921
2010-05-17,0.908
2010-05-18,0.882
2010-05-19,0.815
2010-05-20,0.805
2010-05-21,0.779
2010-05-22,0.759
2010-05-23,0.721
2010-05-24,0.582
2010-05-25,0.536
2010-05-26,0.524
2010-05-27,0.525
2010-05-28,0.517
2010-05-29,0.501
2010-05-30,0.561
2010-05-31,0.524
2010-06-01,0.536
2010-06-02,0.576
2010-06-03,0.565
2010-06-04,0.562
2010-06-05,0.535
2010-06-06,0.527
2010-06-07,5.19
2010-06-08,0.517
2010-06-09,0.512
2010-06-10,0.508
2010-06-11,0.496
2010-06-12,0.487
2010-06-14,0.472
2010-06-15,0.469
2010-06-16,0.439
2010-06-17,0.415
2010-06-18,0.407
2010-06-19,0.402
2010-06-20,0.371
2010-06-21,0.365
2010-06-22,0.307
2010-06-23,0.222
2010-06-24,0.219
2010-06-25,0.213
2010-06-26,0.204
2010-06-27,0.202
2010-06-28,0.197
2010-06-29,0.351
2010-06-30,0.343
2010-07-01,219.817
2010-07-02,260.051
2010-07-03,121.125
2010-07-04,71.119
2010-07-05,24.035
2010-07-06,73.676
2010-07-07,99.623
2010-07-08,122.617
2010-07-09,83.128
2010-07-11,43.637
2010-07-12,43.637
2010-07-13,39
2010-07-14,29.726
2010-07-15,22.771
2010-07-16,20.453
2010-07-17,21.735
2010-07-18,17.099
2010-07-19,14.781
2010-07-20,10.145
2010-07-21,10.125
2010-07-22,12.445
2010-07-23,11.336
2010-07-24,20.86
2010-07-25,20.361
2010-07-26,18.392
2010-07-27,16.604
2010-07-28,15.306
2010-07-29,14.084
2010-07-30,12.748
2010-07-31,9.501
2010-08-01,9.402
2010-08-02,8.965
2010-08-08,7.397
2010-08-09,6.642
2010-08-10,7.285
2010-08-12,6.453
2010-08-13,6.437
2010-08-14,6.195
2010-08-15,5.798
2010-08-16,5.543
2010-08-17,5.824
2010-08-18,5.313
2010-08-19,5.451
2010-08-21,5.051
2010-08-22,4.823
2010-08-23,4.554
2010-08-24,4.422
2010-08-25,4.456
2010-08-26,4.419
2010-08-27,4.633
2010-08-28,4.477
2010-08-29,4.458
2010-08-30,4.253
2010-08-31,3.977
2010-09-01,3.596
2010-09-02,3.548
2010-09-03,3.472
2010-09-04,7.393
2010-09-05,14.765
2010-09-06,5.772
2010-09-07,9.183
2010-09-08,5.411
2010-09-09,5.021
2010-09-11,4.972
2010-09-13,4.614
2010-09-14,4.339
2010-09-16,4.169
2010-09-17,3.964
2010-09-18,5.201
2010-09-19,8.944
2010-09-20,31.605
2010-09-21,19.898
2010-09-22,16.264
2010-09-24,10.29
2010-09-25,32.643
2010-09-26,34.732
2010-09-28,30.323
2010-09-29,18.401
2010-09-30,15.093
2010-10-15,4.483
2010-10-17,4.338
2010-10-18,4.339
2010-10-19,3.951
2010-10-20,3.596
2010-10-21,3.555
2010-10-23,3.254
2010-10-24,3.273
2010-10-25,3.145
2010-10-26,3.103
2010-10-27,2.965
2010-10-28,2.901
2010-10-30,2.884
2010-10-31,2.774
2013-09-17,515.16
2013-10-14,4.297
2013-10-15,4.297
2013-10-18,3.531
2013-10-19,3.531
2013-10-20,4.297
2013-10-21,3.531
2013-10-22,3.531
2013-10-23,3.531
2013-10-24,3.531
2013-10-25,3.531
2013-10-26,2.765
2013-10-27,2.765
2013-10-28,2.765
2013-10-29,2.765
2013-10-30,2.765
2013-10-31,2.765
2013-11-01,2.765
2013-11-02,1.999
2013-11-03,1.999
2013-11-04,1.593
2013-11-05,1.999
2013-11-06,1.593
2013-11-07,1.593
2013-11-08,1.593
2013-11-09,1.593
2013-11-10,1.547
2013-11-11,1.593
2013-11-12,1.593
2013-11-13,3.531
2013-11-14,3.531
2013-11-15,2.765
2013-11-16,2.76
2013-11-17,2.76
2013-11-18,2.752
2013-11-19,4.297
2013-11-20,4.297
2013-11-21,3.531
2013-11-22,3.53
2013-11-23,3.53
2013-11-24,3.515
2013-11-25,3.531
2013-11-26,3.531
2013-11-27,3.53
2013-11-29,3.531
2013-11-30,3.531
2013-12-01,3.531
2013-12-02,2.765
2013-12-03,2.765
2013-12-04,2.765
2013-12-05,2.765
2013-12-06,2.765
2013-12-07,1.999
2013-12-08,1.999
2013-12-09,1.999
2013-12-10,1.999
2013-12-11,1.999
2013-12-12,1.999
2013-12-13,1.616
2013-12-14,1.616
2013-12-15,1.616
2013-12-16,1.616
2014-01-01,13.984
2014-01-02,8.126
2014-01-03,8.126
2014-01-04,8.126
2014-01-05,5.062
2014-01-06,5.062
2014-01-07,5.062
2014-01-08,5.062
2014-01-09,4.297
2014-01-10,3.531
2014-01-11,3.525
2014-01-12,2.765
2014-01-13,2.765
2014-01-14,2.765
2014-01-15,2.765
2014-01-16,1.999
2014-01-17,1.999
2014-01-18,1.999
2014-01-19,1.593
2014-01-20,1.593
2014-01-21,1.547
2014-01-22,1.547
2014-01-23,1.547
2014-01-24,1.547
2014-01-25,1.547
2014-01-26,1.524
2014-01-27,1.501
2014-01-28,1.501
2014-01-29,1.501
2014-01-30,1.501
2014-01-31,1.501
2014-02-01,1.454
2014-02-02,1.454
2014-02-03,1.408
2014-02-04,1.408
2014-02-05,1.408
2014-02-06,1.431
2014-02-07,1.385
2014-02-08,1.385
2014-02-09,1.385
2014-02-11,1.385
2014-02-12,1.454
2014-02-13,1.454
2014-02-14,1.454
2014-02-15,3.148
2014-02-16,3.148
2014-02-17,2.765
2014-02-18,2.765
2014-02-19,1.999
2014-02-20,1.999
2014-02-21,1.999
2014-02-22,2.765
2014-02-23,2.765
2014-02-24,3.148
2014-02-25,3.148
2014-02-26,3.148
2014-02-27,3.148
2014-02-28,2.765
2014-03-01,3.148
2014-03-02,3.148
2014-03-03,3.531
2014-03-04,3.531
2014-03-05,3.148
2014-03-06,3.148
2014-03-07,3.148
2014-03-08,2.765
2014-03-09,3.148
2014-03-10,3.914
2014-03-11,3.914
2014-03-12,3.531
2014-03-13,3.531
2014-03-14,3.531
2014-03-15,3.531
2014-03-16,3.148
2014-03-17,3.148
2014-03-18,3.148
2014-03-19,3.148
2014-03-20,3.148
2014-03-21,3.142
2014-03-22,1.447
2014-03-23,1.447
2014-03-24,1.73
2014-03-25,1.447
2014-03-26,1.447
2014-03-27,1.447
2014-03-28,1.164
2014-03-29,1.164
2014-03-30,1.164
2014-03-31,1.164
2014-04-01,0.998
2014-04-02,0.998
2014-04-03,0.832
2014-04-04,0.832
2014-04-05,0.832
2014-04-06,0.832
2014-04-07,0.666
2014-04-08,0.666
2014-04-09,0.666
2014-04-10,0.666
2014-04-11,0.5
2014-04-12,0.5
2014-04-13,0.5
2014-04-14,0.5
2014-04-15,0.5
2014-04-16,0.5
2014-04-17,0.5
2014-04-18,0.666
2014-04-19,0.666
2014-04-20,0.666
2014-04-21,0.666
2014-04-22,0.666
2014-04-23,0.334
2014-04-24,0.334
2014-04-26,0.334
2014-04-27,0.334
2014-04-28,0.334
2014-04-29,0.334
2014-04-30,0.168
2014-05-02,0.832
2014-05-03,0.832
2014-05-04,0.832
2014-05-05,0.832
2014-05-06,0.832
2014-05-07,0.832
2014-05-08,0.832
2014-05-09,0.72
2014-05-10,0.832
2014-05-11,0.832
2014-05-12,0.832
2014-05-13,2.545
2014-05-14,1.164
2014-05-15,1.164
2014-05-16,1.164
2014-05-17,1.164
2014-05-18,1.164
2014-05-19,0.946
2014-05-20,0.946
2014-05-21,0.837
2014-05-22,0.837
2014-05-23,0.837
2014-05-24,0.837
2014-05-25,0.837
2014-05-26,0.837
2014-05-27,0.946
2014-05-28,0.946
2014-05-29,1.055
2014-05-30,1.055
2014-05-31,0.946
2014-06-01,0.946
2014-06-02,0.946
2014-06-03,0.946
2014-06-04,0.946
2014-06-05,0.837
2014-06-06,0.837
2014-06-07,0.837
2014-06-08,0.837
2014-06-09,0.837
2014-06-10,0.837
2014-06-11,0.837
2014-06-12,0.837
2014-06-13,0.837
2014-06-14,0.728
2014-06-15,0.728
2014-06-16,0.728
2014-06-17,0.728
2014-06-18,0.728
2014-06-19,0.728
2014-06-20,1.73
2014-06-21,1.164
2014-06-22,1.055
2014-06-23,1.055
2014-06-24,1.055
2014-06-25,1.447
2014-06-26,1.164
2014-06-27,1.055
2014-06-28,1.055
2014-06-29,1.055
2014-06-30,1.055
2014-07-01,1.055
2014-07-02,0.946
2014-07-03,0.946
2014-07-04,1.055
2014-07-05,1.055
2014-07-06,1.055
2014-07-07,1.055
2014-07-08,1.055
2014-07-09,1.055
2014-07-10,0.946
2014-07-11,1.055
2014-07-12,1.055
2014-07-13,0.946
2014-07-14,0.946
2014-07-15,0.946
2014-07-16,0.837
2014-07-17,0.837
2014-07-18,0.837
2014-07-19,0.946
2014-07-20,0.837
2014-07-21,0.837
2014-07-22,0.837
2014-07-23,0.728
2014-07-24,0.728
2014-07-25,0.728
2014-07-26,0.728
2014-07-27,0.837
2014-07-28,0.837
2014-07-29,0.728
2014-07-30,0.728
2014-07-31,0.728
2014-08-01,0.728
2014-08-02,0.728
2014-08-03,0.837
2014-08-04,0.946
2014-08-05,0.837
2014-08-06,0.83
2014-08-07,0.728
2014-08-08,0.728
2014-08-09,0.728
2014-08-10,0.837
2014-08-11,0.728
2014-08-12,0.837
2014-08-13,0.728
2014-08-14,0.728
2014-08-15,0.728
2014-08-16,0.837
2014-08-17,0.728
2014-08-18,0.728
2014-08-19,0.728
2014-08-20,0.728
2014-08-21,0.728
2014-08-22,0.728
2014-08-23,0.728
2014-08-24,0.728
2014-08-25,0.728
2014-08-26,0.619
2014-08-27,0.619
2014-08-28,0.619
2014-08-29,0.619
2014-08-30,0.619
2014-08-31,1.447
2014-09-01,0.946
2014-09-02,0.837
2014-09-03,1.055
2014-09-04,9.483
2014-09-05,6.839
2014-09-06,3.293
2014-09-07,2.794
2014-09-08,2.295
2014-09-09,2.012
2014-09-10,1.73
2014-09-11,1.447
2014-09-12,1.447
2014-09-13,32.385
2014-09-14,56.2
2014-09-15,41.227
2014-09-16,40.261
2014-09-17,41.71
2014-09-18,42.193
2014-09-19,42.193
2014-09-20,42.193
2014-09-21,9.615
2014-09-23,87.224
2014-09-26,39.778
2014-09-27,42.676
2014-09-28,42.676
2014-10-01,46.54
2014-10-02,47.989
2015-01-10,1.911
2015-01-16,1.549
2015-01-24,1.591
2015-01-27,1.585
2015-01-30,1.56
2015-01-31,1.309
2015-02-01,1.3
2015-02-02,1.915
2015-02-06,1.715
2015-02-13,1.385
2015-02-14,1.51
2015-02-15,1.495
2015-02-16,1.39
2015-02-17,1.305
2015-02-18,1.302
2015-02-19,1.295
2015-02-20,1.271
2015-02-21,1.265
2015-02-22,1.25
2015-02-23,1.253
2015-02-24,1.252
2015-02-25,1.248
2015-02-26,1.152
2015-02-27,1.245
2015-02-28,1.419
2015-03-01,1.317
2015-03-02,1.362
2015-03-03,1.362
2015-03-04,1.15
2015-03-05,1.145
2015-03-06,1.277
2015-03-07,1.249
2015-03-08,1.249
2015-03-09,1.504
2015-03-10,1.419
2015-03-11,1.504
2015-03-12,7.72
2015-03-13,5.465
2015-03-14,4.712
2015-03-15,6.617
2015-03-16,6.617
2015-03-17,6.253
2015-03-18,11.162
2015-03-19,10.554
2015-03-20,8.253
2015-03-23,7.953
2015-03-24,6.617
2015-03-28,4.708
2015-03-30,3.64
2015-03-31,3.63
2015-04-01,3.264
2015-04-03,2.31
2015-04-14,2.885
2015-04-29,0.62
2015-09-01,0.619
2015-09-02,0.615
2015-09-03,0.613
2015-09-04,0.61
2015-09-05,0.612
2015-09-06,0.614
2015-09-07,0.616
2015-09-08,0.51
2015-09-09,0.508
2015-09-10,0.509
2015-09-11,0.51
2015-09-12,1.164
2015-09-13,0.73
2015-09-14,0.728
2015-09-15,0.619
2015-09-16,0.837
2015-09-17,0.728
2015-09-18,0.731
2015-09-19,0.729
2015-09-20,0.73
2015-09-21,0.728
2015-09-22,0.619
2015-09-23,0.728
2015-09-24,0.837
2015-09-25,0.837
2015-09-26,0.837
2015-09-27,1.055
2015-09-28,0.946
2015-09-29,0.728
2015-09-30,0.728
2015-10-01,0.619
2015-10-02,0.619
2015-10-03,0.619
2015-10-04,0.619
2015-10-05,0.619
2015-10-06,0.619
2015-10-07,0.619
2015-10-08,0.641
2015-10-09,1.164
2015-10-10,1.447
2015-10-11,1.164
2015-10-12,1.055
2015-10-13,0.946
2015-10-14,0.946
2015-10-15,0.837
2015-10-16,0.837
2015-10-17,0.837
2015-10-18,0.946
2015-10-19,0.837
2015-10-20,0.946
2015-10-21,0.946
2015-10-22,0.837
2015-10-23,0.837
2015-10-24,0.837
2015-10-25,1.055
2015-10-26,1.055
2015-10-27,1.055
2015-10-28,0.946
2015-10-29,0.946
2015-10-30,0.946
2015-10-31,0.946
2015-11-01,0.837
2015-11-02,0.837
2015-11-03,0.837
2015-11-04,0.837
2015-11-05,0.837
2015-11-06,0.837
2015-11-07,0.837
2015-11-08,0.837
2015-11-09,0.837
2015-11-10,0.837
2015-11-11,0.837
2015-11-12,0.728
2015-11-13,0.728
2015-11-14,0.728
2015-11-15,0.837
2015-11-16,0.835
2015-11-17,0.728
2015-11-18,0.728
2015-11-19,0.728
2015-11-20,0.728
2015-11-21,0.728
2015-11-22,0.837
2015-11-23,0.837
2015-11-24,0.619
2015-11-25,0.619
2015-11-26,0.51
2015-11-27,0.575
2015-11-28,0.575
2015-11-29,0.63
2015-11-30,0.63
2015-12-01,0.695
2015-12-02,0.543
2015-12-03,0.575
2015-12-04,0.575
2015-12-05,0.575
2015-12-06,0.575
2015-12-07,0.575
2015-12-08,0.532
2015-12-09,0.532
2015-12-10,0.532
2015-12-11,0.565
2015-12-12,0.565
2015-12-13,0.597
2015-12-14,0.608
2015-12-15,0.641
2015-12-16,0.466
2015-12-17,0.532
2015-12-18,0.466
2015-12-19,0.445
2015-12-20,0.499
2015-12-21,0.597
2015-12-22,0.357
2015-12-23,0.379
2015-12-24,0.477
2015-12-25,0.608
2015-12-26,0.63
2015-12-27,0.673
2015-12-28,0.695
2015-12-29,0.706
2015-12-30,0.706
2015-12-31,0.728
2016-01-01,0.728
2016-01-02,0.772
2016-01-03,0.826
2016-01-04,0.761
2016-01-05,0.641
2016-01-06,0.608
2016-01-07,0.608
2016-01-08,0.608
2016-01-09,0.608
2016-01-10,0.608
2016-01-11,0.608
2016-01-12,0.565
2016-01-13,0.575
2016-01-14,0.597
2016-01-15,0.543
2016-01-16,0.575
2016-01-17,0.728
2016-01-18,0.739
2016-01-19,0.39
2016-01-20,0.412
2016-01-21,0.445
2016-01-22,0.477
2016-01-23,0.477
2016-01-24,0.51
2016-01-25,0.663
2016-01-26,0.259
2016-01-27,0.445
2016-01-28,0.63
2016-01-29,0.575
2016-01-30,0.575
2016-01-31,0.423
2016-02-01,0.445
2016-02-02,0.597
2016-02-03,0.597
2016-02-04,0.608
2016-02-05,0.608
2016-02-06,0.608
2016-02-07,0.608
2016-02-08,0.608
2016-02-09,0.575
2016-02-10,0.39
2016-02-11,0.39
2016-02-12,0.423
2016-02-13,0.01
2016-02-14,0.01
2016-02-15,0.01
2016-02-16,0.01
2016-02-17,0.01
2016-02-18,0.01
2016-02-19,0.01
2016-02-20,0.183
2016-02-21,0.183
2016-02-22,0.248
2016-02-23,0.248
2016-02-24,0.259
2016-02-25,0.292
2016-02-26,0.248
2016-02-27,0.248
2016-02-28,0.292
2016-02-29,0.401
2016-03-01,0.248
2016-03-02,0.074
2016-03-03,0.292
2016-03-04,0.292
2016-03-05,0.292
2016-03-06,0.292
2016-03-07,0.292
2016-03-08,0.01
2016-03-09,0.074
2016-03-10,0.51
2016-03-11,0.51
2016-03-12,0.51
2016-03-13,0.5
2016-03-14,0.401
2016-03-15,0.292
2016-03-16,0.292
2016-03-17,0.346
2016-03-18,0.401
2016-03-19,0.401
2016-03-20,0.728
2016-03-21,0.673
2016-03-22,0.324
2016-03-23,0.248
2016-03-24,0.248
2016-03-25,0.543
2016-03-26,0.543
2016-03-27,0.565
2016-03-28,0.597
2016-03-29,0.575
2016-03-30,0.01
2016-03-31,0.01
2016-04-01,0.01
2016-04-02,0.01
2016-04-03,0.01
2016-04-04,0.01
2016-04-05,0.01
2016-04-06,0.01
2016-04-07,0.01
2016-04-08,0.013
2016-04-09,0.013
2016-04-10,0.013
2016-04-11,0.013
2016-04-12,0.013
2016-04-13,0.013
2016-04-14,0.013
2016-04-15,0.013
2016-04-16,0.013
2016-04-17,0.273
2016-04-18,0.273
2016-04-19,0.273
2016-04-20,0.273
2016-04-21,0.273
2016-04-22,0.316
2016-04-23,0.316
2016-04-24,0.316
2016-04-25,0.316
2016-04-26,0.013
2016-04-27,0.013
2016-04-28,0.013
2016-04-29,0.013
2016-04-30,0.013
2016-05-01,0.013
2016-05-02,0.01
2016-05-03,0.52
2016-05-04,0.354
2016-05-05,0.359
2016-05-06,0.359
2016-05-07,0.359
2016-05-08,0.359
2016-05-09,0.359
2016-05-10,0.359
2016-05-11,0.359
2016-05-12,0.359
2016-05-13,0.316
2016-05-14,0.1
2016-05-15,0.681
2016-05-16,0.359
2016-05-17,0.359
2016-05-18,0.359
2016-05-19,0.359
2016-05-20,0.52
2016-05-21,0.423
2016-05-22,0.359
2016-05-23,0.359
2016-05-24,0.359
2016-05-25,0.359
2016-05-26,0.375
2016-05-27,0.359
2016-05-28,0.375
2016-05-29,0.359
2016-05-30,0.359
2016-05-31,0.359
2016-06-01,0.359
2016-06-02,0.359
2016-06-03,0.359
2016-06-04,0.355
2016-06-05,0.359
2016-06-06,0.391
2016-06-07,0.391
2016-06-08,0.359
2016-06-09,0.359
2016-06-10,0.423
2016-06-11,0.391
2016-06-12,0.391
2016-06-13,0.375
2016-06-14,0.013
2016-06-15,0.013
2016-06-16,0.013
2016-06-17,0.013
2016-06-18,0.013
2016-06-19,0.013
2016-06-20,0.264
2016-06-21,0.35
2016-06-22,0.316
2016-06-23,0.273
2016-06-24,0.269
2016-06-25,0.264
2016-06-26,0.264
2016-06-27,0.251
2016-06-28,0.212
2016-06-29,0.013
2016-06-30,0.013
2016-07-01,0.013
2016-07-02,0.013
2016-07-03,0.01
2016-07-04,0.01
2016-07-05,0.06
2016-07-06,0.06
2016-07-07,0.06
2016-07-08,0.01
2016-07-09,0.01
2016-07-10,0.01
2016-07-11,0.058
2016-07-12,0.058
2016-07-13,0.058
2016-07-14,0.058
2016-07-15,0.01
2016-07-16,0.01
2016-07-17,0.01
2016-07-18,0.01
2016-07-19,0.01
2016-07-20,0.057
2016-07-21,0.057
2016-07-22,0.01
2016-07-23,0.01
2016-07-24,0.01
2016-07-25,0.01
2016-07-26,0.01
2016-07-27,0.057
2016-07-28,0.057
2016-07-29,0.057
2016-07-30,0.01
2016-07-31,0.057
2016-08-01,0.05
2016-08-02,0.05
2016-08-03,0.057
2016-08-04,0.057
2016-08-05,0.057
2016-08-06,0.057
2016-08-07,0.057
2016-08-08,0.057
2016-08-09,0.01
2016-08-10,0.057
2016-08-11,0.057
2016-08-12,0.057
2016-08-13,0.057
2016-08-14,0.057
2016-08-15,0.52
2016-08-16,0.52
2016-08-17,1.447
2016-08-18,1.73
2016-08-19,1.164
2016-08-20,0.842
2016-08-21,0.681
2016-08-22,1.164
2016-08-23,0.81
2016-08-24,0.681
2016-08-25,0.52
2016-08-26,0.568
2016-08-27,0.52
2016-08-28,0.52
2016-08-29,0.359
2016-08-30,0.359
2016-08-31,10.938
2016-09-01,9.483
2016-09-02,4.18
2016-09-03,3.044
2016-09-04,2.545
2016-09-05,2.012
2016-09-06,1.447
2016-09-07,1.164
2016-09-08,1.003
2016-09-09,1.003
2016-09-10,0.842
2016-09-11,1.164
2016-09-12,0.842
2016-09-13,0.842
2016-09-14,1.447
2016-09-15,0.842
2016-09-16,1.003
2016-09-17,1.003
2016-09-18,0.842
2016-09-19,0.681
2016-09-20,0.681
2016-09-21,0.681
2016-09-22,0.681
2016-09-23,0.681
2016-09-24,0.681
2016-09-25,0.681
2016-09-26,0.842
2016-09-27,1.003
2016-09-28,2.295
2016-09-29,1.447
2016-09-30,1.164
2016-10-01,1.003
2016-10-02,1.003
2016-10-03,0.842
2016-10-04,0.681
2016-10-05,0.681
2016-10-06,0.681
2016-10-07,0.681
2016-10-08,11.202
2016-10-09,10.673
2016-10-10,7.72
2016-10-11,4.18
2016-10-12,3.293
2016-10-13,2.794
2016-10-14,2.545
2016-10-15,2.295
2016-10-16,2.012
2016-10-17,1.736
2016-10-18,1.736
2016-10-19,1.447
2016-10-20,1.447
2016-10-21,2.545
2016-10-22,2.295
2016-10-23,2.012
2016-10-24,1.73
2016-10-25,1.447
2016-10-26,1.447
2016-10-27,1.164
2016-10-28,1.164
2016-10-29,1.164
2016-10-30,1.146
2016-10-31,1.164
2016-11-01,1.003
2016-11-02,0.842
2016-11-03,0.842
2016-11-04,1.164
2016-11-05,9.88
2016-11-06,5.509
2016-11-07,4.18
2016-11-08,3.293
2016-11-09,4.18
2016-11-10,3.736
2016-11-11,3.044
2016-11-12,3.044
2016-11-13,3.736
2016-11-14,4.623
2016-11-15,4.18
2016-11-16,3.293
2016-11-17,3.044
2016-11-18,3.044
2016-11-19,2.794
2016-11-20,2.545
2016-11-21,2.295
2016-11-22,2.295
2016-11-23,2.295
2016-11-24,2.012
2016-11-25,2.012
2016-11-26,1.73
2016-11-27,1.73
2016-11-28,1.73
2016-11-29,1.73
2016-11-30,1.447
2016-12-01,1.447
2016-12-02,1.164
2016-12-03,1.164
2016-12-04,1.164
2016-12-05,1.447
2016-12-06,1.164
2016-12-09,1.164
2016-12-16,0.842
2016-12-17,0.842
2016-12-18,0.842
2016-12-19,0.842
2016-12-20,0.842
2016-12-22,0.842
2016-12-23,0.842
2016-12-24,0.842
2016-12-25,0.842
2016-12-26,0.681
2016-12-27,0.681
2016-12-28,0.681
2016-12-29,0.842
2016-12-30,0.842
2016-12-31,0.842
2017-01-01,0.842
2017-01-02,0.681
2017-01-03,0.617
2017-01-04,0.617
2017-01-05,0.52
2017-01-06,0.52
2017-01-07,0.52
2017-01-08,0.52
2017-01-09,0.359
2017-01-10,0.354
2017-01-11,0.346
2017-01-12,0.346
2017-01-13,0.346
2017-01-14,0.359
2017-01-15,0.346
2017-01-16,0.346
2017-01-17,0.346
2017-01-18,0.346
2017-01-19,0.359
2017-01-20,0.359
2017-01-21,0.346
2017-01-22,0.359
2017-01-23,0.346
2017-01-24,0.346
2017-01-25,0.346
2017-01-26,0.346
2017-01-27,0.346
2017-01-28,0.52
2017-01-29,0.346
2017-01-30,0.346
2017-01-31,0.333
2017-02-01,0.333
2017-02-02,0.308
2017-02-03,0.359
2017-02-04,0.346
2017-02-05,0.333
2017-02-06,0.333
2017-02-07,0.32
2017-02-08,0.32
2017-02-09,0.32
2017-02-10,0.32
2017-02-11,0.32
2017-02-12,0.32
2017-02-13,0.32
2017-02-14,0.32
2017-02-15,0.308
2017-02-16,0.308
2017-02-17,0.32
2017-02-18,0.32
2017-02-19,0.32
2017-02-20,0.308
2017-02-21,0.32
2017-02-22,0.308
2017-02-23,0.308
2017-02-24,0.295
2017-02-25,0.295
2017-02-26,0.295
2017-02-27,0.282
2017-02-28,0.282
2017-03-01,0.295
2017-03-02,0.282
2017-03-03,0.282
2017-03-04,0.282
2017-03-05,0.32
2017-03-06,0.32
2017-03-07,0.32
2017-03-08,0.333
2017-03-09,0.333
2017-03-10,0.52
2017-03-11,0.359
2017-03-12,0.346
2017-03-13,1.164
2017-03-14,0.842
2017-03-15,0.52
2017-03-16,0.359
2017-03-17,0.359
2017-03-18,0.346
2017-03-19,0.346
2017-03-20,0.333
2017-03-21,0.333
2017-03-22,0.333
2017-03-23,0.333
2017-03-24,0.308
2017-03-25,0.308
2017-03-26,0.308
2017-03-27,0.308
2017-03-28,0.308
2017-03-29,0.32
2017-03-30,0.308
2017-03-31,0.308
2017-04-01,0.308
2017-04-02,0.308
2017-04-03,0.308
2017-04-04,0.308
2017-04-05,0.295
2017-04-06,0.295
2017-04-07,0.295
2017-04-08,0.295
2017-04-09,0.295
2017-04-10,0.295
2017-04-11,0.295
2017-04-12,1.73
2017-04-13,0.346
2017-04-14,0.32
2017-04-15,0.308
2017-04-16,0.32
2017-04-17,0.32
2017-04-18,0.32
2017-04-19,0.32
2017-04-20,0.32
2017-04-21,0.32
2017-04-22,0.32
2017-04-23,0.32
2017-04-24,0.32
2017-04-25,0.32
2017-04-26,0.282
2017-04-27,0.282
2017-04-28,0.282
2017-04-29,0.218
2017-04-30,0.23
2017-05-01,0.243
2017-05-02,0.102
2017-05-03,0.063
2017-05-04,0.063
2017-05-05,0.153
2017-05-06,0.076
2017-05-07,0.115
2017-05-08,0.076
2017-05-09,0.205
2017-05-10,0.205
2017-05-11,0.102
2017-05-12,0.063
2017-05-13,0.205
2017-05-14,0.063
2017-05-15,0.063
2017-05-16,0.058
2017-05-17,0.057
2017-05-18,0.057
2017-05-19,0.057
2017-05-20,0.057
2017-05-21,0.057
2017-05-22,0.316
2017-05-23,0.3
2017-05-24,0.315
2017-05-25,0.33
2017-05-26,0.316
2017-05-27,0.304
2017-05-28,0.291
2017-05-29,8.514
2017-05-30,0.341
2017-05-31,0.327
2017-06-01,0.332
2017-06-03,0.309
2017-06-04,0.323
2017-06-05,0.312
2017-06-06,0.309
2017-06-07,0.304
2017-06-08,0.3
2017-06-09,0.298
2017-06-10,0.298
2017-06-11,0.294
2017-06-12,0.295
2017-06-13,0.057
2017-06-14,0.058
2017-06-15,0.057
2017-06-16,0.057
2017-06-17,0.057
2017-06-18,0.057
2017-06-19,0.057
2017-06-20,0.057
2017-06-21,0.057
2017-06-22,0.057
2017-06-23,0.057
2017-06-24,0.057
2017-06-25,0.323
2017-06-26,0.312
2017-06-27,0.338
2017-06-28,0.52
2017-06-29,0.342
2017-06-30,0.33
2017-07-01,0.316
2017-07-02,0.304
2017-07-03,0.295
2017-07-04,0.29
2017-07-05,0.054
2017-07-06,0.054
2017-07-07,0.054
2017-07-08,0.327
2017-07-09,0.323
2017-07-10,0.327
2017-07-11,0.054
2017-07-12,0.323
2017-07-13,0.302
2017-07-14,0.81
2017-07-15,0.439
2017-07-16,0.346
2017-07-17,0.338
2017-07-18,0.341
2017-07-19,0.33
2017-07-20,0.323
2017-07-21,0.302
2017-07-22,0.286
2017-07-23,0.278
2017-07-24,0.247
2017-07-25,0.208
2017-07-26,0.111
2017-07-27,0.158
2017-07-28,0.057
2017-07-29,0.057
2017-07-30,0.054
2017-07-31,0.054
2017-08-01,0.054
2017-08-02,0.182
2017-08-03,0.057
2017-08-04,0.138
2017-08-05,0.054
2017-08-06,0.054
2017-08-07,0.054
2017-08-08,0.054
2017-08-09,0.054
2017-08-10,0.054
2017-08-11,0.054
2017-08-12,0.054
2017-08-13,0.054
2017-08-14,0.054
2017-08-15,0.051
2017-08-16,0.051
2017-08-17,0.051
2017-08-18,0.051
2017-08-19,0.051
2017-08-20,0.05
2017-08-21,0.05
2017-08-22,0.05
2017-08-23,0.05
2017-08-24,0.05
2017-08-25,0.05
2017-08-26,0.05
2017-08-27,0.05
2017-08-28,0.05
2017-08-29,0.05
2017-08-30,0.05
2017-08-31,0.05
2017-09-01,0.05
2017-09-02,0.05
2017-09-03,0.05
2017-09-04,0.05
2017-09-05,0.05
2017-09-06,0.249
2017-09-07,0.274
2017-09-08,0.332
2017-09-09,0.316
2017-09-10,0.323
2017-09-11,0.308
2017-09-12,0.3
2017-09-13,0.286
2017-09-14,0.291
2017-09-15,0.298
2017-09-16,0.3
2017-09-17,0.302
2017-09-18,0.3
2017-09-19,0.295
2017-09-20,0.286
2017-09-21,0.226
2017-09-22,0.237
2017-09-23,0.24
2017-09-24,0.2
2017-09-25,0.178
2017-09-26,0.21
2017-09-27,0.224
2017-09-28,0.295
2017-09-29,0.89
2017-09-30,1.871
2017-10-01,1.786
2017-10-02,1.504
2017-10-03,0.906
2017-10-04,0.794
2017-10-05,2.769
2017-10-06,5.82
2017-10-07,5.199
2017-10-08,2.719
2017-10-09,1.758
2017-10-10,1.249
2017-10-11,2.57
2017-10-12,2.57
2017-10-13,2.069
2017-10-14,1.617
2017-10-15,1.249
2017-10-16,2.012
2017-10-17,1.249
2017-10-18,1.084
2017-10-19,0.987
2017-10-20,0.89
2017-10-21,0.81
2017-10-22,0.794
2017-10-23,1.277
2017-10-24,9.509
2017-10-25,6.13
2017-10-26,4.402
2017-10-27,3.144
2017-10-28,2.57
2017-10-29,2.153
2017-10-30,1.871
2017-10-31,1.673
2017-11-01,1.532
2017-11-02,1.419
2017-11-03,1.249
2017-11-04,1.1
2017-11-05,1.084
2017-11-06,1.003
2017-11-07,0.81
2017-11-08,0.697
2017-11-09,0.665
2017-11-10,0.584
2017-11-11,0.617
2017-11-12,0.697
2017-11-13,0.697
2017-11-14,0.584
2017-11-15,0.584
2017-11-16,0.52
2017-11-17,0.52
2017-11-18,0.584
2017-11-19,0.536
2017-11-20,0.52
2017-11-21,0.536
2017-11-22,0.617
2017-11-23,0.584
2017-11-24,0.584
2017-11-25,0.568
2017-11-26,0.536
2017-11-27,0.52
2017-11-28,0.52
2017-11-29,0.356
2017-11-30,0.354
2017-12-01,0.354
2017-12-02,0.353
2017-12-03,0.349
2017-12-04,0.346
2017-12-05,0.346
2017-12-07,0.346
2017-12-08,0.617
2017-12-09,0.35
2017-12-10,0.315
2017-12-11,0.274
2017-12-12,0.252
2017-12-13,0.223
2017-12-14,0.229
2017-12-15,0.233
2017-12-16,0.304
2017-12-19,0.222
2017-12-20,0.234
2017-12-21,0.238
2017-12-22,0.265
2017-12-23,0.264
2017-12-24,0.26
2017-12-25,0.26
2017-12-26,0.272
2017-12-27,0.274
2017-12-28,0.274
2017-12-29,0.276
2017-12-30,0.276
2017-12-31,0.283
2018-01-01,0.327
2018-01-02,0.305
2018-01-03,0.276
2018-01-04,0.253
2018-01-05,0.242
2018-01-06,0.242
2018-01-07,0.262
2018-01-08,0.283
2018-01-09,0.286
2018-01-10,0.287
2018-01-11,0.294
2018-01-12,0.3
2018-01-13,0.286
2018-01-14,0.286
2018-01-15,0.283
2018-01-16,0.279
2018-01-17,0.291
2018-01-18,0.282
2018-01-19,0.268
2018-01-20,0.268
2018-01-21,0.286
2018-01-22,0.291
2018-01-23,0.282
2018-01-24,0.282
2018-01-25,0.302
2018-01-26,0.302
2018-01-27,0.29
2018-01-28,0.291
2018-01-29,0.325
2018-01-30,0.287
2018-01-31,0.283
2018-02-01,0.282
2018-02-02,0.287
2018-02-03,0.274
2018-02-04,0.276
2018-02-05,0.282
2018-02-06,0.291
2018-02-07,0.291
2018-02-08,0.323
2018-02-09,0.282
2018-02-10,0.274
2018-02-11,0.282
2018-02-12,0.282
2018-02-13,0.283
2018-02-14,0.27
2018-02-15,0.274
2018-02-16,0.282
2018-02-17,0.283
2018-02-18,0.282
2018-02-19,0.286
2018-02-20,0.283
2018-02-21,0.304
2018-02-22,0.295
2018-02-23,0.291
2018-02-24,0.279
2018-02-25,0.279
2018-02-26,0.283
2018-02-27,0.3
2018-02-28,0.286
2018-03-01,0.286
2018-03-02,0.279
2018-03-03,0.276
2018-03-04,0.276
2018-03-05,0.278
2018-03-06,0.276
2018-03-07,0.276
2018-03-08,0.272
2018-03-09,0.276
2018-03-10,0.279
2018-03-11,0.282
2018-03-12,0.278
2018-03-13,0.278
2018-03-14,0.264
2018-03-15,0.266
2018-03-16,0.274
2018-03-17,0.276
2018-03-18,0.302
2018-03-19,0.308
2018-03-20,0.295
2018-03-21,0.302
2018-03-22,0.174
2018-03-23,0.136
2018-03-24,0.064
2018-03-25,0.309
2018-03-26,0.316
2018-03-27,0.316
2018-03-28,0.064
2018-03-29,0.057
2018-03-30,0.323
2018-03-31,0.323
2018-04-01,0.323
2018-04-02,0.323
2018-04-03,0.323
2018-04-04,0.058
2018-04-05,0.217
2018-04-06,0.182
2018-04-07,0.098
2018-04-08,0.06
2018-04-09,0.058
2018-04-10,0.058
2018-04-11,0.193
2018-04-12,0.154
2018-04-13,0.058
2018-04-14,0.057
2018-04-15,0.057
2018-04-16,0.057
2018-04-17,0.057
2018-04-18,0.057
2018-04-19,0.057
2018-04-20,0.287
2018-04-21,0.291
2018-04-22,0.072
2018-04-23,0.125
2018-04-24,0.304
2018-04-25,0.305
2018-04-26,0.287
2018-04-27,0.246
2018-04-28,0.257
2018-04-29,0.327
2018-04-30,0.316
2018-05-01,0.298
2018-05-02,0.283
2018-05-03,0.283
2018-05-04,0.286
2018-05-05,0.391
2018-05-06,0.319
2018-05-07,0.309
2018-05-08,0.291
2018-05-09,0.278
2018-05-10,0.27
2018-05-11,0.268
2018-05-12,0.253
2018-05-13,0.233
2018-05-14,0.229
2018-05-15,0.244
2018-05-16,0.223
2018-05-17,0.23
2018-05-18,0.213
2018-05-19,0.205
2018-05-20,0.312
2018-05-21,0.302
2018-05-22,0.26
2018-05-23,0.246
2018-05-24,0.253
2018-05-25,0.248
2018-05-26,0.242
2018-05-27,0.238
2018-05-28,0.237
2018-05-29,0.237
2018-05-30,0.06
2018-05-31,0.175
2018-06-01,0.077
2018-06-02,0.057
2018-06-03,0.057
2018-06-04,0.057
2018-06-05,0.057
2018-06-06,0.057
2018-06-07,0.057
2018-06-08,0.054
2018-06-09,0.054
2018-06-10,0.054
2018-06-11,0.054
2018-06-12,0.054
2018-06-13,0.054
2018-06-14,0.054
2018-06-15,0.054
2018-06-16,0.051
2018-06-17,0.051
2018-06-18,0.054
2018-06-19,0.81
2018-06-20,0.568
2018-06-21,0.617
2018-06-22,2.57
2018-06-23,2.267
2018-06-24,1.164
2018-06-25,0.89
2018-06-26,0.81
2018-06-27,0.697
2018-06-28,0.584
2018-06-29,0.488
2018-06-30,0.391
2018-07-01,0.356
2018-07-02,0.353
2018-07-03,0.349
2018-07-04,0.345
2018-07-05,0.341
2018-07-06,0.338
2018-07-07,0.27
2018-07-08,0.35
2018-07-09,0.342
2018-07-10,0.248
2018-07-11,0.208
2018-07-12,0.148
2018-07-13,0.057
2018-07-14,0.089
2018-07-15,0.062
2018-07-16,0.054
2018-07-17,0.054
2018-07-18,0.054
2018-07-19,0.054
2018-07-20,0.051
2018-07-21,0.051
2018-07-22,0.051
2018-07-23,0.051
2018-07-24,0.051
2018-07-25,0.051
2018-07-26,0.316
2018-07-27,0.319
2018-07-28,0.338
2018-07-29,0.341
2018-07-30,0.33
2018-07-31,0.32
2018-08-01,0.323
2018-08-02,0.169
2018-08-03,0.204
2018-08-04,0.174
2018-08-05,0.107
2018-08-06,0.192
2018-08-07,0.054
2018-08-08,0.054
2018-08-09,0.054
2018-08-10,0.054
2018-08-11,0.205
2018-08-12,0.054
2018-08-13,0.051
2018-08-14,0.051
2018-08-15,0.051
2018-08-16,0.051
2018-08-17,0.051
2018-08-18,0.051
2018-08-19,0.051
2018-08-20,0.051
2018-08-21,0.051
2018-08-22,0.05
2018-08-23,0.05
2018-08-24,0.174
2018-08-25,0.106
2018-08-26,0.054
2018-08-27,0.054
2018-08-28,0.051
2018-08-29,0.182
2018-08-30,0.184
2018-08-31,0.051
2018-09-01,0.051
2018-09-02,0.051
2018-09-03,0.051
2018-09-04,0.054
2018-09-05,0.051
2018-09-06,0.05
2018-09-07,0.05
2018-09-08,0.051
2018-09-09,0.051
2018-09-10,0.215
2018-09-11,1.702
2018-09-12,1.362
2018-09-13,0.89
2018-09-14,4.402
2018-09-15,7.72
2018-09-16,6.617
2018-09-17,3.193
2018-09-18,2.097
2018-09-19,1.277
2018-09-20,1.084
2018-09-21,0.794
2018-09-22,0.649
2018-09-23,6.485
2018-09-24,3.337
2018-09-25,2.069
2018-09-26,1.419
2018-09-27,1.1
2018-09-28,12.115
2018-09-29,12.459
2018-09-30,11.202
2018-10-01,10.978
2018-10-02,10.211
2018-10-03,8.954
2018-10-04,5.997
2018-10-05,4.446
2018-10-06,3.382
2018-10-07,2.844
2018-10-08,2.395
2018-10-09,2.153
2018-10-10,1.702
2018-10-11,2.57
2018-10-12,2.645
2018-10-13,1.362
2018-10-14,1.084
2018-10-15,0.89
2018-10-16,1.588
2018-10-17,0.81
2018-10-18,1.148
2018-10-19,1.192
2018-10-20,0.89
2018-10-21,1.588
2018-10-22,5.731
2018-10-23,4.977
2018-10-24,3.293
2018-10-25,2.844
2018-10-26,2.47
2018-10-27,2.267
2018-10-28,1.956
2018-10-29,1.786
2018-10-30,1.673
2018-10-31,1.447
2018-11-01,1.249
2018-11-02,1.1
2018-11-03,1.051
2018-11-04,1.003
2018-11-05,0.987
2018-11-06,0.939
2018-11-07,0.89
2018-11-08,0.858
2018-11-09,0.81
2018-11-10,1.447
2018-11-11,0.906
2018-11-12,0.89
2018-11-13,1.1
2018-11-14,0.858
2018-11-15,0.81
2018-11-16,0.794
2018-11-17,0.713
2018-11-18,0.697
2018-11-19,0.697
2018-11-20,0.697
2018-11-21,0.665
2018-11-22,0.584
2018-11-23,0.617
2018-11-24,0.617
2018-11-25,0.584
2018-11-26,0.536
2018-11-27,0.52
2018-11-28,0.52
2018-11-29,0.906
2018-11-30,0.584
2018-12-01,0.488
2018-12-02,0.44
2018-12-03,0.44
2018-12-04,0.44
2018-12-05,0.356
2018-12-06,0.488
2018-12-07,0.356
2018-12-08,0.488
2018-12-09,0.391
2018-12-10,0.354
2018-12-11,0.349
2018-12-12,0.349
2018-12-13,0.341
2018-12-14,0.341
2018-12-15,0.341
2018-12-16,0.328
2018-12-17,0.319
2018-12-18,0.312
2018-12-19,0.309
2018-12-20,0.29
2018-12-21,0.291
2018-12-22,0.286
2018-12-23,0.27
2018-12-24,0.27
2018-12-25,0.268
2018-12-26,0.291
2018-12-27,0.3
2018-12-28,0.3
2018-12-29,0.3
2018-12-30,0.3
2018-12-31,0.291
2019-01-01,0.275
2019-01-02,0.27
2019-01-03,0.262
2019-01-04,0.248
2019-01-05,0.24
2019-01-06,0.238
2019-01-07,0.24
2019-01-08,0.262
2019-01-09,0.272
2019-01-10,0.349
2019-01-11,0.315
2019-01-12,0.301
2019-01-13,0.294
2019-01-14,0.291
2019-01-15,0.291
2019-01-16,0.264
2019-01-17,0.24
2019-01-18,0.238
2019-01-19,0.229
2019-01-20,0.233
2019-01-21,0.222
2019-01-22,0.212
2019-01-23,0.217
2019-01-24,0.201
2019-01-25,0.215
2019-01-26,0.197
2019-01-27,0.208
2019-01-28,0.2
2019-01-29,0.185
2019-01-30,0.118
2019-01-31,0.054
2019-02-01,0.054
2019-02-02,0.054
2019-02-03,0.054
2019-02-04,0.054
2019-02-05,0.064
2019-02-06,0.146
2019-02-07,0.184
2019-02-08,0.238
2019-02-09,0.226
2019-02-10,0.189
2019-02-11,0.114
2019-02-12,0.057
2019-02-13,0.054
2019-02-14,0.054
2019-02-15,0.054
2019-02-16,0.066
2019-02-17,0.143
2019-02-18,0.213
2019-02-19,0.217
2019-02-20,0.213
2019-02-21,0.219
2019-02-22,0.217
2019-02-23,0.226
2019-02-24,0.256
2019-02-25,0.264
2019-02-26,0.26
2019-02-27,0.213
2019-02-28,0.2
2019-03-01,0.223
2019-03-02,0.213
2019-03-03,0.205
2019-03-04,0.229
2019-03-05,0.246
2019-03-06,0.24
2019-03-07,0.238
2019-03-08,0.244
2019-03-09,0.244
2019-03-10,0.24
2019-03-11,0.252
2019-03-12,0.262
2019-03-13,0.275
2019-03-14,0.242
2019-03-15,0.197
2019-03-16,0.215
2019-03-17,0.223
2019-03-18,0.262
2019-03-19,0.3
2019-03-20,0.27
2019-03-21,0.268
2019-03-22,0.27
2019-03-23,0.26
2019-03-24,0.248
2019-03-25,0.246
2019-03-26,0.262
2019-03-27,0.27
2019-03-28,0.27
2019-03-29,0.268
2019-03-30,0.27
2019-03-31,0.294
2019-04-01,0.3
2019-04-02,0.275
2019-04-03,0.272
2019-04-04,0.272
2019-04-05,0.27
2019-04-06,0.275
2019-04-07,0.256
2019-04-08,0.246
2019-04-09,0.277
2019-04-10,0.278
2019-04-11,0.282
2019-04-12,0.057
2019-04-13,0.054
2019-04-14,0.309
2019-04-15,0.315
2019-04-16,0.057
2019-04-17,0.054
2019-04-18,0.054
2019-04-19,0.309
2019-04-20,0.312
2019-04-21,0.309
2019-04-22,0.309
2019-04-23,0.057
2019-04-24,0.057
2019-04-25,0.054
2019-04-26,0.054
2019-04-27,0.054
2019-04-28,0.051
2019-04-29,0.051
2019-04-30,0.051
2019-05-01,0.051
2019-05-02,0.051
2019-05-03,0.051
2019-05-04,0.051
2019-05-05,0.051
2019-05-06,0.051
2019-05-07,0.229
2019-05-08,0.144
2019-05-09,0.275
2019-05-10,0.279
2019-05-11,0.286
2019-05-12,0.272
2019-05-13,0.253
2019-05-14,0.283
2019-05-15,0.268
2019-05-16,0.278
2019-05-17,0.268
2019-05-18,0.264
2019-05-19,0.274
2019-05-20,0.274
2019-05-21,0.27
2019-05-22,0.054
2019-05-23,0.054
2019-05-24,0.051
2019-05-25,0.051
2019-05-26,0.051
2019-05-27,0.051
2019-05-28,0.051
2019-05-29,0.051
2019-05-30,0.051
2019-05-31,0.051
2019-06-01,0.051
2019-06-02,0.051
2019-06-03,0.05
2019-06-04,0.05
2019-06-05,0.256
2019-06-06,0.305
2019-06-07,0.3
2019-06-08,0.309
2019-06-09,0.309
2019-06-10,0.308
2019-06-11,0.315
2019-06-12,1.051
2019-06-13,0.341
2019-06-14,0.336
2019-06-15,0.338
2019-06-16,0.341
2019-06-17,0.338
2019-06-18,0.358
2019-06-19,0.342
2019-06-20,0.338
2019-06-21,0.334
2019-06-22,0.332
2019-06-23,0.356
2019-06-24,0.391
2019-06-25,2.794
2019-06-26,0.584
2019-06-27,0.423
2019-06-28,0.358
2019-06-29,0.35
2019-06-30,0.346
2019-07-01,0.342
2019-07-02,0.341
2019-07-03,0.341
2019-07-04,0.338
2019-07-05,0.312
2019-07-06,0.315
2019-07-07,0.313
2019-07-08,0.312
2019-07-09,0.287
2019-07-10,0.051
2019-07-11,0.051
2019-07-12,0.051
2019-07-13,0.336
2019-07-14,0.324
2019-07-15,0.278
2019-07-16,0.133
2019-07-17,0.051
2019-07-18,0.051
2019-07-19,0.051
2019-07-20,0.051
2019-07-21,0.051
2019-07-22,0.051
2019-07-23,0.051
2019-07-24,0.184
2019-07-25,0.328
2019-07-26,0.332
2019-07-27,0.319
2019-07-28,0.291
2019-07-29,0.054
2019-07-30,0.051
2019-07-31,0.051
2019-08-01,0.051
2019-08-02,0.051
2019-08-03,0.051
2019-08-04,0.051
2019-08-05,0.051
2019-08-06,0.051
2019-08-07,0.051
2019-08-08,0.05
2019-08-09,0.05
2019-08-10,0.05
2019-08-11,0.05
2019-08-12,0.05
2019-08-13,0.05
2019-08-14,0.05
2019-08-15,0.05
2019-08-16,0.05
2019-08-17,0.048
2019-08-18,0.048
2019-08-19,0.048
2019-08-20,0.048
2019-08-21,0.048
2019-08-22,0.048
2019-08-23,0.048
2019-08-24,0.048
2019-08-25,0.048
2019-08-26,0.05
2019-08-27,0.05
2019-08-28,0.05
2019-08-29,0.05
2019-08-30,0.05
2019-08-31,0.05
2019-09-01,0.05
2019-09-02,0.05
2019-09-03,0.05
2019-09-04,0.05
2019-09-05,32.994
2019-09-06,10.038
2019-09-07,4.402
2019-09-08,2.994
2019-09-09,2.844
2019-09-10,2.719
2019-09-11,2.012
2019-09-12,1.192
2019-09-13,1.003
2019-09-14,2.182
2019-09-15,1.419
2019-09-16,0.906
2019-09-17,0.794
2019-09-18,0.52
2019-09-19,0.391
2019-09-20,0.342
2019-09-21,0.32
2019-09-22,0.291
2019-09-23,0.262
2019-09-24,0.238
2019-09-25,0.223
2019-09-26,0.213
2019-09-27,0.213
2019-09-28,0.197
2019-09-29,0.182
2019-09-30,0.184
2019-10-01,0.248
2019-10-02,0.226
2019-10-03,0.212
2019-10-04,3.044
2019-10-05,2.069
2019-10-06,0.488
2019-10-07,0.324
2019-10-08,0.349
2019-10-09,0.309
2019-10-10,0.294
2019-10-11,0.283
2019-10-12,0.244
2019-10-13,0.27
2019-10-14,0.272
2019-10-15,0.27
2019-10-16,0.26
2019-10-17,0.246
2019-10-18,0.252
2019-10-19,0.252
2019-10-20,0.242
2019-10-21,0.309
2019-10-22,0.262
2019-10-23,0.262
2019-10-24,0.253
2019-10-25,0.277
2019-10-26,0.268
2019-10-27,0.264
2019-10-28,0.264
2019-10-29,0.262
2019-10-30,0.26
2019-10-31,0.268
2019-11-01,0.253
2019-11-02,0.252
2019-11-03,0.253
2019-11-04,0.266
2019-11-05,0.27
2019-11-06,0.272
2019-11-07,0.27
2019-11-08,0.283
2019-11-09,0.272
2019-11-10,0.275
2019-11-11,0.278
2019-11-12,0.291
2019-11-13,0.27
2019-11-14,0.262
2019-11-15,0.252
2019-11-16,0.246
2019-11-17,0.246
2019-11-18,0.233
2019-11-19,0.219
2019-11-20,0.215
2019-11-21,0.212
2019-11-22,0.233
2019-11-23,0.246
2019-11-24,0.252
2019-11-25,0.233
2019-11-26,0.23
2019-11-27,0.229
2019-11-28,0.213
2019-11-29,0.192
2019-11-30,0.184
2019-12-01,0.223
2019-12-02,0.217
2019-12-03,0.184
2019-12-04,0.154
2019-12-05,0.098
2019-12-06,0.127
2019-12-07,0.188
2019-12-08,0.15
2019-12-09,0.11
2019-12-10,0.076
2019-12-11,0.057
2019-12-12,0.051
2019-12-13,0.05
2019-12-14,0.05
2019-12-15,0.05
2019-12-16,0.05
2019-12-17,0.05
2019-12-18,0.05
2019-12-19,0.05
2019-12-20,0.05
2020-01-01,0.05
2020-01-04,0.05
2020-01-05,0.05
2020-01-06,0.05
2020-01-07,0.05
2020-01-08,0.05
2020-01-09,0.05
2020-01-10,0.05
2020-01-11,0.05
2020-01-12,0.05
2020-01-13,0.05
2020-01-14,0.05
2020-01-15,0.05
2020-01-16,0.05
2020-01-17,0.05
2020-01-18,0.05
2020-01-19,0.05
2020-01-20,0.05
2020-01-21,0.05
2020-01-22,0.05
2020-01-23,0.05
2020-01-24,0.05
2020-01-25,0.05
2020-01-26,0.05
2020-01-27,0.05
2020-01-28,0.05
2020-01-29,0.05
2020-01-30,0.05
2020-01-31,0.05
2020-02-01,0.05
2020-02-02,0.05
2020-02-03,0.05
2020-02-04,0.05
2020-02-05,0.05
2020-02-06,0.05
2020-02-07,0.05
2020-02-08,0.05
2020-02-09,0.05
2020-02-10,0.05
2020-02-11,0.05
2020-02-12,0.05
2020-02-13,0.05
2020-02-14,0.05
2020-02-15,0.05
2020-02-16,0.05
2020-02-17,0.05
2020-02-18,0.05
2020-02-19,0.05
2020-02-20,0.05
2020-02-21,0.05
2020-02-22,0.05
2020-02-23,0.05
2020-02-24,0.05
2020-02-25,0.05
2020-02-26,0.05
2020-02-27,0.05
2020-02-28,0.05
2020-02-29,0.05
2020-03-01,0.05
2020-03-02,0.05
2020-03-03,0.05
2020-03-04,0.05
2020-03-05,0.05
2020-03-06,0.05
2020-03-07,0.05
2020-03-08,0.05
2020-03-09,0.05
2020-03-10,0.05
2020-03-11,0.05
2020-03-12,0.05
2020-03-13,0.05
2020-03-14,0.05
2020-03-15,0.05
2020-03-16,0.05
2020-03-17,0.05
2020-03-18,0.05
2020-03-19,0.05
2020-03-20,0.05
2020-03-21,0.05
2020-03-22,0.05
2020-03-23,0.05
2020-03-24,0.05
2020-03-25,0.05
2020-03-26,0.05
2020-03-27,0.05
2020-03-28,0.05
2020-03-29,0.05
2020-03-30,0.05
2020-03-31,0.05
2020-04-01,0.05
2020-04-02,0.05
2020-04-03,0.05
2020-04-04,0.05
2020-04-05,0.05
2020-04-06,0.05
2020-04-07,0.05
2020-04-08,0.05
2020-04-09,0.05
2020-04-10,0.05
2020-04-11,0.05
2020-04-12,0.05
2020-04-13,0.05
2020-04-14,0.05
2020-04-15,0.05
2020-04-16,0.05
2020-04-17,0.05
2020-04-18,0.05
2020-04-19,0.05
2020-04-20,0.05
2020-04-21,0.05
2020-04-22,0.05
2020-04-23,0.05
2020-04-24,0.05
2020-04-25,0.05
2020-04-26,0.05
2020-04-27,0.05
2020-04-28,0.05
2020-04-29,0.05
2020-05-01,0.52
2020-05-02,0.05
2020-05-03,0.05
2020-05-04,0.05
2020-05-05,0.05
2020-05-06,0.05
2020-05-07,0.05
2020-05-08,0.05
2020-05-09,0.05
2020-05-10,0.05
2020-05-11,0.05
2020-05-12,0.05
2020-05-13,0.05
2020-05-14,0.05
2020-05-15,0.05
2020-05-16,0.05
2020-05-17,0.05
2020-05-18,0.05
2020-05-19,0.05
2020-05-20,0.05
2020-05-21,0.05
2020-05-22,0.05
2020-05-23,0.05
2020-05-24,0.05
2020-05-25,0.05
2020-05-26,0.05
2020-05-27,0.05
2020-05-28,0.05
2020-05-29,0.05
2020-05-30,0.05
2020-05-31,0.05
2020-06-01,0.05
2020-06-02,0.05
2020-06-03,0.05
2020-06-04,0.05
2020-06-05,0.05
2020-06-06,0.05
2020-06-07,0.05
2020-06-08,0.05
2020-06-09,0.05
2020-06-10,0.05
2020-06-11,0.05
2020-06-12,0.05
2020-06-13,0.05
2020-06-14,0.05
2020-06-15,0.05
2020-06-16,0.05
2020-06-17,0.05
2020-06-18,0.05
2020-06-19,0.05
2020-06-20,0.05
2020-06-21,0.05
2020-06-22,0.05
2020-06-23,0.05
2020-06-24,0.05
2020-06-25,0.05
2020-06-26,0.05
2020-06-27,0.05
2020-06-28,0.05
2020-06-29,0.05
2020-06-30,0.05
2020-07-01,0.05
2020-07-02,0.05
2020-07-03,0.05
2020-07-04,0.05
2020-07-05,0.05
2020-07-06,0.05
2020-07-07,0.05
2020-07-08,0.05
2020-07-09,0.05
2020-07-10,0.05
2020-07-11,0.05
2020-07-12,0.05
2020-07-13,0.05
2020-07-14,0.05
2020-07-15,0.05
2020-07-16,0.05
2020-07-17,0.05
2020-07-18,0.055
2020-07-19,0.05
2020-07-20,0.05
2020-07-21,0.05
2020-07-22,0.05
2020-07-23,0.05
2020-07-24,0.05
2020-07-25,0.05
2020-07-26,0.05
2020-08-01,0.05
2020-08-02,0.05
2020-08-03,0.05
2020-08-04,0.05
2020-08-05,0.05
2020-08-06,0.05
2020-08-07,0.05
2020-08-08,0.05
2020-08-09,0.05
2020-08-10,0.05
2020-08-11,0.05
2020-08-12,0.05
2020-08-13,0.05
2020-08-14,0.05
2020-08-15,0.05
2020-08-16,0.05
2020-08-17,0.05
2020-08-18,0.05
2020-08-19,0.05
2020-08-20,0.05
2020-08-21,0.05
2020-08-22,0.05
2020-08-23,0.05
2020-08-24,0.05
2020-08-25,0.05
2020-08-26,0.05
2020-08-27,0.05
2020-08-28,0.05
2020-08-29,0.05
2020-08-30,0.05
2020-08-31,0.05
2020-09-01,0.05
2020-09-02,0.05
2020-09-03,0.05
2020-09-04,0.05
2020-09-05,0.05
2020-09-06,0.05
2020-09-07,0.05
2020-09-08,0.05
2020-09-09,0.05
2020-09-10,0.05
2020-09-11,0.05
2020-09-12,0.05
2020-09-13,0.05
2020-09-14,0.05
2020-09-15,0.05
2020-09-16,0.05
2020-09-17,0.05
2020-09-18,0.05
2020-09-19,0.05
2020-09-20,0.05
2020-09-21,0.05
2020-09-22,0.05
2020-09-23,0.05
2020-09-24,0.05
2020-09-25,0.05
2020-09-26,0.05
2020-09-27,0.05
2020-09-28,0.05
2020-09-29,0.05
2020-09-30,0.05
2020-10-01,0.05
2020-10-02,0.05
2020-10-03,0.05
2020-10-04,0.05
2020-10-05,0.05
2020-10-06,0.05
2020-10-07,0.05
2020-10-08,0.05
2020-10-09,0.05
2020-10-10,0.05
2020-10-11,0.05
2020-10-12,0.05
2020-10-13,0.05
2020-10-14,0.05
2020-10-15,0.05
2020-10-16,0.05
2020-10-17,0.05
2020-10-18,0.05
2020-10-19,0.05
2020-10-20,0.05
2020-10-21,0.05
2020-10-22,0.05
2020-10-23,0.05
2020-10-24,0.05
2020-10-25,0.05
2020-10-26,0.05
2020-10-27,0.05
2020-10-28,0.05
2020-10-29,0.05
2020-10-30,0.05
2020-10-31,0.05
2020-11-01,0.05
2020-11-02,0.05
2020-11-03,0.05
2020-11-04,0.05
2020-11-05,0.05
2020-11-06,0.05
2020-11-07,0.05
2020-11-08,0.05
2020-11-09,0.05
2020-11-10,0.05
2020-11-11,0.05
2020-11-12,0.05
2020-11-13,0.05
2020-11-14,0.05
2020-11-15,0.05
2020-11-16,0.05
2020-11-17,0.05
2020-11-18,0.05
2020-11-19,0.05
2020-11-20,0.05
2020-11-21,0.05
2020-11-22,0.05
2020-11-23,0.05
2020-11-24,0.05
2020-11-25,0.05
2020-11-26,0.05
2020-11-27,0.05
2020-11-28,0.05
2020-11-29,0.05
2020-11-30,0.05
2020-12-01,0.05
2020-12-02,0.05
2020-12-03,0.05
2020-12-04,0.05
2020-12-05,0.05
2020-12-06,0.05
2020-12-07,0.05
2020-12-08,0.05
2020-12-09,0.05
2020-12-10,0.05
2020-12-11,0.05
2020-12-12,0.05
2020-12-13,0.05
2020-12-14,0.05
2020-12-15,0.05
2020-12-16,0.05
2020-12-17,0.01
2020-12-18,0.05
2020-12-19,0.05
2020-12-20,0.05
2020-12-21,0.05
2020-12-22,0.05
2020-12-23,0.05
2020-12-24,0.05
2020-12-25,0.05
2020-12-26,0.05
2020-12-27,0.05
2020-12-28,0.05
2020-12-29,0.05
2020-12-30,0.05
2020-12-31,0.05
2021-01-01,0.05
2021-01-02,0.05
2021-01-03,0.05
2021-01-04,0.05
2021-01-05,0.05
2021-01-06,0.05
2021-01-07,0.05
2021-01-08,0.05
2021-01-09,0.05
2021-01-10,0.05
2021-01-11,0.05
2021-01-12,0.05
2021-01-13,0.05
2021-01-14,0.05
2021-01-15,0.05
2021-01-16,0.05
2021-01-17,0.05
2021-01-18,0.05
2021-01-19,0.05
2021-01-20,0.05
2021-01-21,0.05
2021-01-22,0.05
2021-01-23,0.05
2021-01-24,0.05
2021-01-25,0.05
2021-01-26,0.05
2021-01-27,0.05
2021-01-28,0.05
2021-01-29,0.05
2021-01-30,0.05
2021-01-31,0.05
2021-02-01,0.05
2021-02-02,0.05
2021-02-03,0.05
2021-02-04,0.05
2021-02-05,0.05
2021-02-06,0.05
2021-02-07,0.05
2021-02-08,0.05
2021-02-09,0.05
2021-02-10,0.05
2021-02-11,0.01
2021-02-12,0.05
2021-02-13,0.05
2021-02-14,0.05
2021-02-15,0.05
2021-02-16,0.05
2021-02-17,0.05
2021-02-18,0.05
2021-02-19,0.05
2021-02-20,0.05
2021-02-21,0.05
2021-02-22,0.05
2021-02-23,1.05
2021-02-24,0.05
2021-02-25,0.05
2021-02-26,0.05
2021-02-27,0.05
2021-02-28,0.05
2021-03-01,0.05
2021-03-02,0.05
2021-03-03,0.05
2021-03-04,0.05
2021-03-05,0.05
2021-03-06,0.05
2021-03-07,0.05
2021-03-08,0.05
2021-03-09,0.05
2021-03-10,0.05
2021-03-11,0.05
2021-03-12,0.05
2021-03-13,0.05
2021-03-14,0.05
2021-03-15,0.05
2021-03-16,0.05
2021-03-17,0.05
2021-03-18,0.01
2021-03-19,0.05
2021-03-20,0.05
2021-03-21,0.05
2021-03-22,0.05
2021-03-23,0.05
2021-03-24,0.05
2021-03-25,0.05
2021-03-26,0.05
2021-03-27,0.05
2021-03-28,0.05
2021-03-29,0.05
2021-03-30,0.05
2021-03-31,0.05
2021-04-01,0.05
2021-04-02,0.05
2021-04-03,0.05
2021-04-04,0.05
2021-04-05,0.05
2021-04-06,0.05
2021-04-07,0.05
2021-04-08,0.05
2021-04-09,0.05
2021-04-10,0.05
2021-04-11,0.05
2021-04-12,0.05
2021-04-13,0.05
2021-04-14,0.05
2021-04-15,0.05
2021-04-16,0.05
2021-04-17,0.05
2021-04-18,0.05
2021-04-19,0.05
2021-04-20,0.05
2021-04-21,0.05
2021-04-22,0.05
2021-04-23,0.05
2021-04-24,0.05
2021-04-25,0.05
2021-04-26,0.05
2021-04-27,0.05
2021-04-28,0.05
2021-04-29,0.05
2021-04-30,0.05
2021-05-01,0.05
2021-05-02,0.05
2021-05-03,0.05
2021-05-04,0.05
2021-05-05,0.05
2021-05-06,0.05
2021-05-07,0.05
2021-05-08,0.05
2021-05-09,0.05
2021-05-10,0.05
2021-05-11,0.05
2021-05-12,0.05
2021-05-13,0.05
2021-05-14,0.05
2021-05-15,0.05
2021-05-16,0.05
2021-05-17,0.05
2021-05-18,0.05
2021-05-19,0.05
2021-05-20,0.05
2021-05-21,0.01
2021-05-22,0.05
2021-05-23,0.05
2021-05-24,0.05
2021-05-25,0.05
2021-05-26,0.05
2021-05-27,0.05
2021-05-28,0.05
2021-05-29,0.05
2021-05-30,0.05
2021-05-31,0.05
2021-06-01,0.05
2021-06-02,0.05
2021-06-03,0.05
2021-06-04,0.05
2021-06-05,0.05
2021-06-06,0.05
2021-06-07,0.05
2021-06-08,0.05
2021-06-09,0.05
2021-06-10,0.05
2021-06-11,0.05
2021-06-12,0.05
2021-06-13,0.05
2021-06-14,0.05
2021-06-15,0.05
2021-06-16,0.05
2021-06-17,0.05
2021-06-18,0.05
2021-06-19,0.05
2021-06-20,0.05
2021-06-21,0.05
2021-06-22,0.05
2021-06-23,0.05
2021-06-24,0.05
2021-06-25,0.05
2021-06-26,0.05
2021-06-27,0.05
2021-06-28,0.05
2021-06-29,0.05
2021-06-30,0.05
2021-07-01,0.05
2021-07-02,0.05
2021-07-03,0.05
2021-07-04,0.05
2021-07-05,0.05
2021-07-06,0.05
2021-07-07,0.05
2021-07-08,0.05
2021-07-09,0.05
2021-07-10,0.05
2021-07-11,0.05
2021-07-12,0.05
2021-07-13,0.05
2021-07-14,0.05
2021-07-15,0.05
2021-07-16,0.05
2021-07-17,0.05
2021-07-18,0.05
2021-07-19,0.05
2021-07-20,0.05
2021-07-21,0.05
2021-07-22,0.05
2021-07-23,0.05
2021-07-24,0.05
2021-07-25,0.05
2021-07-26,0.05
2021-07-27,0.05
2021-07-28,0.05
2021-07-29,0.05
2021-07-30,0.05
2021-07-31,0.05
2021-08-01,0.05
2021-08-02,0.05
2021-08-03,0.05
2021-08-04,0.05
2021-08-05,0.05
2021-08-06,0.05
2021-08-07,0.05
2021-08-08,0.05
2021-08-09,0.05
2021-08-10,0.05
2021-08-11,0.05
2021-08-12,0.05
2021-08-13,0.05
2021-08-14,0.05
2021-08-15,0.05
2021-08-16,0.05
2021-08-17,0.05
2021-08-18,0.05
2021-08-19,0.05
2021-08-20,0.05
2021-08-21,0.05
2021-08-22,0.05
2021-08-23,0.05
2021-08-24,0.05
2021-08-25,0.05
2021-08-26,0.05
2021-08-27,0.05
2021-08-28,0.05
2021-08-29,0.05
2021-08-30,0.05
2021-08-31,0.05
2021-09-01,0.05
2021-09-02,0.05
2021-09-03,0.05
2021-09-04,0.05
2021-09-05,0.05
2021-09-06,0.05
2021-09-07,0.05
2021-09-08,0.05
2021-09-09,0.05
2021-09-10,0.05
2021-09-11,0.05
2021-09-12,0.05
2021-09-13,0.05
2021-09-14,0.05
2021-09-15,0.05
2021-09-16,0.05
2021-09-17,0.05
2021-09-18,0.05
2021-09-19,0.05
2021-09-20,0.05
2021-09-21,0.05
2021-09-22,0.05
2021-09-23,0.05
2021-09-24,0.05
2021-09-25,0.05
2021-09-26,0.05
2021-09-27,0.05
2021-09-28,0.05
2021-09-29,0.05
2021-09-30,0.05
2021-10-01,0.05
2021-10-02,0.05
2021-10-03,0.05
2021-10-04,0.05
2021-10-05,0.05
2021-10-06,0.05
2021-10-07,0.05
2021-10-08,0.05
2021-10-09,0.05
2021-10-10,0.05
2021-10-11,0.05
2021-10-12,0.05
2021-10-13,0.05
2021-10-14,0.05
2021-10-15,0.05
2021-10-16,0.05
2021-10-17,0.05
2021-10-18,0.05
2021-10-19,0.05
2021-10-20,0.05
2021-10-21,0.05
2021-10-22,0.05
2021-10-23,0.05
2021-10-24,0.05
2021-10-25,0.05
2021-10-26,0.05
2021-10-27,0.05
2021-10-28,0.05
2021-10-29,0.05
2021-10-30,0.05
2021-10-31,12.049
2021-11-01,0.338
2021-11-02,0.338
2021-11-03,0.338
2021-11-04,0.354
2021-11-05,0.349
2021-11-06,0.346
2021-11-07,0.342
2021-11-08,0.342
2021-11-09,0.341
2021-11-10,0.341
2021-11-11,0.342
2021-11-12,0.346
2021-11-13,0.349
2021-11-14,1.035
2021-11-15,0.697
2021-11-16,0.52
2021-11-17,0.439
2021-11-18,0.423
2021-11-19,0.375
2021-11-20,0.358
2021-11-21,0.356
2021-11-22,0.354
2021-11-23,0.354
2021-11-24,0.353
2021-11-25,0.35
2021-11-26,0.697
2021-11-27,0.906
2021-11-28,0.745
2021-11-29,0.617
2021-11-30,0.52
2021-12-01,0.44
2021-12-02,0.423
2021-12-03,0.391
2021-12-04,0.358
2021-12-05,0.356
2021-12-06,0.354
2021-12-07,0.354
2021-12-08,0.354
