Estación: ,C19088,DOCTOR ARROYO 2. (DGE)
Variable: ,Temperatura del Aire (°C)
Longitud: ,100° 10' 36'',Latitud:,23° 40' 34

Fecha,Promedio,Máximo,Mínimo
1972-04-09,21,30,12
1972-04-10,22.5,33,12
1972-04-11,25,34,16
1972-04-12,25,34,16
1972-04-13,24.5,36,13
1972-04-14,25,35,15
1972-04-15,24.5,35,14
1972-04-16,23,32,14
1972-04-17,21,30,12
1972-04-18,22.5,32,13
1972-04-19,21.5,31,12
1972-04-20,23.5,34,13
1972-04-21,25,35,15
1972-04-22,24.5,34,15
1972-04-23,23,30,16
1972-04-24,22,31,13
1972-04-25,23.5,31,16
1972-04-26,23,30,16
1972-04-27,24.5,32,17
1972-04-28,23.5,31,16
1972-04-29,22,32,12
1972-04-30,24.25,33,15.5
1972-05-01,24,31,17
1972-05-02,23.75,31,16.5
1972-05-03,21.5,31,12
1972-05-04,18.5,23,14
1972-05-05,15.75,19,12.5
1972-05-06,21.5,28,15
1972-05-07,23,31,15
1972-05-08,24.25,32,16.5
1972-05-09,23.25,29,17.5
1972-05-10,22.75,29.5,16
1972-05-11,24.5,32,17
1972-05-12,24,32,16
1972-05-13,25,33,17
1972-05-14,24.5,31,18
1972-05-15,24,32,16
1972-05-16,23.5,31,16
1972-05-17,25,33,17
1972-05-18,25,34,16
1972-05-19,22,28,16
1972-05-20,21,30,12
1972-05-21,24.25,32.5,16
1972-05-22,24,32,16
1972-05-23,24,32,16
1972-05-24,24,32,16
1972-05-25,24,31,17
1972-05-26,21.5,31,12
1972-05-27,22,30,14
1972-05-28,20.5,27,14
1972-05-29,21,27,15
1972-05-30,20.5,26,15
1972-05-31,22,28,16
1972-06-01,21,27,15
1972-06-02,20.5,26,15
1972-06-03,23.5,31,16
1972-06-04,21.5,27,16
1972-06-05,21.5,28,15
1972-06-06,22.5,30,15
1972-06-07,23.5,32,15
1972-06-08,22.5,29,16
1972-06-09,23,32,14
1972-06-10,23.5,31,16
1972-06-11,23,30,16
1972-06-12,21.5,28,15
1972-06-13,23.5,31,16
1972-06-14,21,26,16
1972-06-15,23.5,30,17
1972-06-16,23,29,17
1972-06-17,24.75,33.5,16
1972-06-18,23.5,31,16
1972-06-19,24,32,16
1972-06-20,22.5,30,15
1972-06-21,22.5,30,15
1972-06-22,23,31,15
1972-06-23,24.5,32,17
1972-06-24,25,33,17
1972-06-25,25.5,33,18
1972-06-26,24.5,31,18
1972-06-27,24.5,33,16
1972-06-28,22.5,29,16
1972-06-29,22,30,14
1972-06-30,23,30,16
1972-07-01,23.5,31,16
1972-07-02,22.5,29,16
1972-07-03,24.75,32,17.5
1972-07-04,23,32,14
1972-07-05,21.5,31,12
1972-07-06,21.5,31,12
1972-07-07,22.5,31,14
1972-07-08,23,31,15
1972-07-09,22.5,30,15
1972-07-10,23.75,31.5,16
1972-07-11,22,30,14
1972-07-12,23.5,32,15
1972-07-13,24,33,15
1972-07-14,23,31,15
1972-07-15,22.5,30,15
1972-07-16,23.75,31.5,16
1972-07-17,25.25,34.5,16
1972-07-18,26,36,16
1972-07-19,25,34,16
1972-07-20,25,34,16
1972-07-21,24,34,14
1972-07-22,25.5,35,16
1972-07-23,25,35,15
1972-07-24,24.5,35,14
1972-07-25,25,37,13
1972-07-26,24.5,35,14
1972-07-27,23.5,32,15
1972-07-28,24,32,16
1972-07-29,24,33,15
1972-07-30,22.5,32,13
1972-07-31,23,32,14
1972-08-01,24.5,34,15
1972-08-02,23,32,14
1972-08-03,24,33,15
1972-08-04,24.5,34,15
1972-08-05,24,33,15
1972-08-06,22.5,32,13
1972-08-07,23,32,14
1972-08-08,23.25,31.5,15
1972-08-09,25,33,17
1972-08-10,22,32,12
1972-08-11,23.5,32,15
1972-08-12,22.5,35,10
1972-08-13,23.25,31.5,15
1972-08-14,22.5,32,13
1972-08-15,21.5,31,12
1972-08-16,21.5,30,13
1972-08-17,23.5,33,14
1972-08-18,23,34,12
1972-08-19,21,32,10
1972-08-20,24,34,14
1972-08-21,22.25,31.5,13
1972-08-22,22.5,31,14
1972-08-23,21.5,30,13
1972-08-24,24.25,33.5,15
1972-08-25,23.75,33.5,14
1972-08-26,25,35,15
1972-08-27,23,32,14
1972-08-28,24,33,15
1972-08-29,24,33,15
1972-08-30,23.5,32,15
1972-08-31,23.5,32,15
1972-09-01,22.5,30,15
1972-09-02,23.5,31,16
1972-09-03,24,31,17
1972-09-04,23,31,15
1972-09-05,22.5,30,15
1972-09-06,22.5,30,15
1972-09-07,24.5,31,18
1972-09-08,24,31,17
1972-09-09,23.75,31.5,16
1972-09-10,23.5,32,15
1972-09-11,24,32,16
1972-09-12,24.5,33,16
1972-09-13,25,35,15
1972-09-14,23.25,31.5,15
1972-09-15,24,32,16
1972-09-16,24.5,32,17
1972-09-17,23,31,15
1972-09-18,23.5,31,16
1972-09-19,23.5,33,14
1972-09-20,24.5,34,15
1972-09-21,22,30,14
1972-09-22,23.5,31,16
1972-09-23,24.5,33,16
1972-09-24,23,31,15
1972-09-25,23,30,16
1972-09-26,24.5,32,17
1972-09-27,23.5,32,15
1972-09-28,23.5,32,15
1972-09-29,23,31,15
1972-09-30,21.5,31,12
1972-10-01,22.5,30,15
1972-10-02,22.5,30,15
1972-10-03,22.5,31,14
1972-10-04,21.5,32,11
1972-10-05,24,33,15
1972-10-06,22.5,30,15
1972-10-07,22.5,31,14
1972-10-08,23,30,16
1972-10-09,24,32,16
1972-10-10,24.5,35,14
1972-10-11,23,33,13
1972-10-12,23,35,11
1972-10-13,23,34,12
1972-10-14,21.5,30,13
1972-10-15,24.5,32,17
1972-10-16,22,32,12
1972-10-17,22,30,14
1972-10-18,22,30,14
1972-10-19,23.5,32,15
1972-10-20,24.5,34,15
1972-10-21,23,32,14
1972-10-22,24,33,15
1972-10-23,23.5,32,15
1972-10-24,26,35,17
1972-10-25,24,33,15
1972-10-26,23,31,15
1972-10-27,19.5,30,9
1972-10-28,21,32,10
1972-10-29,22.5,30,15
1972-10-30,22.5,30,15
1972-10-31,23,30,16
1972-11-01,22.5,29,16
1972-11-02,25,33,17
1972-11-03,22,30,14
1972-11-04,23,30,16
1972-11-05,23,31,15
1972-11-06,22,30,14
1972-11-07,22,30,14
1972-11-08,21,30,12
1972-11-09,20.5,30,11
1972-11-10,21.5,31,12
1972-11-11,22,30,14
1972-11-12,21.5,31,12
1972-11-13,21.5,30,13
1972-11-14,21,30,12
1972-11-15,23,31,15
1972-11-16,23.5,31,16
1972-11-17,20.5,32,9
1972-11-18,22.5,33,12
1972-11-19,23,30,16
1972-11-20,21,30,12
1972-11-21,20,28,12
1972-11-22,19,28,10
1972-11-23,19.5,28,11
1972-11-24,19,28,10
1972-11-25,19.5,28,11
1972-11-26,17,24,10
1972-11-27,18.5,25,12
1972-11-28,18.5,25,12
1972-11-29,17.5,24,11
1972-11-30,19.5,28,11
1972-12-01,19,28,10
1972-12-02,16.5,23,10
1972-12-03,18,25,11
1972-12-04,19,28,10
1972-12-05,16.5,24,9
1972-12-06,16,23,9
1972-12-07,18,26,10
1972-12-08,18,25,11
1972-12-09,20.5,31,10
1972-12-10,20.5,30,11
1972-12-11,17,23,11
1972-12-12,17.5,23,12
1972-12-13,18,25,11
1972-12-14,16.5,23,10
1972-12-15,17.5,25,10
1972-12-16,12.5,18,7
1972-12-17,9,15,3
1972-12-18,12,20,4
1972-12-19,10.5,16,5
1972-12-20,10,15,5
1972-12-21,9,13,5
1972-12-22,9,18,0
1972-12-23,11,21,1
1972-12-24,9,17,1
1972-12-25,8.5,16,1
1972-12-26,13,22,4
1972-12-27,12.75,20.5,5
1972-12-28,11.5,18,5
1972-12-29,12.5,20,5
1972-12-30,17.5,25,10
1972-12-31,17.5,25,10
1973-01-01,15,21,9
1973-01-02,15.5,21,10
1973-01-03,16.25,26.5,6
1973-01-04,16.25,25.5,7
1973-01-05,18,25,11
1973-01-06,19,26,12
1973-01-07,18,25,11
1973-01-08,19,27,11
1973-01-09,13.5,19,8
1973-01-10,12,16,8
1973-01-11,10.5,15,6
1973-01-12,7.5,15,0
1973-01-13,9,18,0
1973-01-14,9.5,19,0
1973-01-15,8.5,17,0
1973-01-16,10.5,21,0
1973-01-17,10,15,5
1973-01-18,8.75,13.5,4
1973-01-19,10.5,16,5
1973-01-20,11.25,15.5,7
1973-01-21,11,18,4
1973-01-22,9.75,15.5,4
1973-01-23,13,21,5
1973-01-24,12.5,21,4
1973-01-25,13.75,20.5,7
1973-01-26,11.5,19,4
1973-01-27,13.5,23,4
1973-01-28,13.25,20.5,6
1973-01-29,8.5,12,5
1973-01-30,9,18,0
1973-01-31,8.5,17,0
1973-02-01,12,20,4
1973-02-02,12,20,4
1973-02-03,11.5,19,4
1973-02-04,12.5,21,4
1973-02-05,13,21,5
1973-02-06,13,20,6
1973-02-07,12,19,5
1973-02-08,13.5,21,6
1973-02-09,10,12,8
1973-02-10,6,10,2
1973-02-11,7,14,0
1973-02-12,11.5,23,0
1973-02-13,13.5,22,5
1973-02-14,15,24,6
1973-02-15,13.5,20,7
1973-02-16,13,19,7
1973-02-17,14,21,7
1973-02-18,18,29,7
1973-02-19,19,30,8
1973-02-20,20.5,31,10
1973-02-21,21.5,33,10
1973-02-22,19.5,29,10
1973-02-23,18.5,27,10
1973-02-24,17.5,26,9
1973-02-25,15.5,24,7
1973-02-26,16,23,9
1973-02-27,15.5,20,11
1973-02-28,18,25,11
1973-03-01,18,27,9
1973-03-02,15.5,21,10
1973-03-03,14,20,8
1973-03-04,14.5,21,8
1973-03-05,17.5,26,9
1973-03-06,19,25,13
1973-03-07,16,20,12
1973-03-08,16,21,11
1973-03-09,19,29,9
1973-03-10,19.5,29,10
1973-03-11,21.5,27,16
1973-03-12,18,28,8
1973-03-13,17.5,26,9
1973-03-14,20,29,11
1973-03-15,20,29,11
1973-03-16,18,25,11
1973-03-17,12,17,7
1973-03-18,16.5,29,4
1973-03-19,19,31,7
1973-03-20,21.5,31,12
1973-03-21,21.5,30,13
1973-03-22,23,32,14
1973-03-23,21.5,31,12
1973-03-24,20,26,14
1973-03-25,15.5,23,8
1973-03-26,13.5,20,7
1973-03-27,16.5,26,7
1973-03-28,18,26,10
1973-03-29,20,27,13
1973-03-30,18.5,26,11
1973-03-31,17.5,27,8
1973-04-01,18,27,9
1973-04-02,18,26,10
1973-04-03,19.5,27,12
1973-04-04,19.5,31,8
1973-04-05,19.5,32,7
1973-04-06,20.5,34,7
1973-04-07,19,31,7
1973-04-08,17.5,29,6
1973-04-09,17.5,28,7
1973-04-10,15,24,6
1973-04-11,18,30,6
1973-04-12,19.5,29,10
1973-04-13,19.5,28,11
1973-04-14,22,31,13
1973-04-15,22,31,13
1973-04-16,20,29,11
1973-04-17,21.5,30,13
1973-04-18,23,30,16
1973-04-19,18.5,28,9
1973-04-20,16,22,10
1973-04-21,19.5,28,11
1973-04-22,20.5,28,13
1973-04-23,20,24,16
1973-04-24,18.5,24,13
1973-04-25,20.5,26,15
1973-04-26,21,27,15
1973-04-27,21.5,29,14
1973-04-28,20.5,29,12
1973-04-29,20,28,12
1973-04-30,19,25,13
1973-05-01,20.25,26.5,14
1973-05-02,19.5,26,13
1973-05-03,22.5,30,15
1973-05-04,21.5,30,13
1973-05-05,22,31,13
1973-05-06,23,31,15
1973-05-07,20.5,28,13
1973-05-08,18.5,24,13
1973-05-09,19,28,10
1973-05-10,20,27,13
1973-05-11,21,26,16
1973-05-12,19.5,26,13
1973-05-13,21.5,31,12
1973-05-14,22,31,13
1973-05-15,20,28,12
1973-05-16,21,31,11
1973-05-17,20,30,10
1973-05-18,17,25,9
1973-05-19,21,31,11
1973-05-20,20.5,29,12
1973-05-21,21,31,11
1973-05-22,22.5,30,15
1973-05-23,24.5,34,15
1973-05-24,25,33,17
1973-05-25,25,33,17
1973-05-26,25,32,18
1973-05-27,25,34,16
1973-05-28,24,32,16
1973-05-29,21,29,13
1973-05-30,20,29,11
1973-05-31,21.5,28,15
1973-06-01,22,29,15
1973-06-02,19.5,26,13
1973-06-03,22,28,16
1973-06-04,20.5,24,17
1973-06-05,20.5,25,16
1973-06-06,21.5,31,12
1973-06-07,22,31,13
1973-06-08,20.5,30,11
1973-06-09,22.5,32,13
1973-06-10,22,31,13
1973-06-11,22.5,32,13
1973-06-12,24,32,16
1973-06-13,25.5,34,17
1973-06-14,24.5,31,18
1973-06-15,23,29,17
1973-06-16,22.5,29,16
1973-06-17,23,29,17
1973-06-18,22,27,17
1973-06-19,22.5,28,17
1973-06-20,19,24,14
1973-06-21,19.5,26,13
1973-06-22,21.5,28,15
1973-06-23,22,28,16
1973-06-24,22,27,17
1973-06-25,21,26,16
1973-06-26,21.5,27,16
1973-06-27,21,26,16
1973-06-28,21,27,15
1973-06-29,20,25,15
1973-06-30,21,28,14
1973-07-01,22,30,14
1973-07-02,23.5,31,16
1973-07-03,24.5,32,17
1973-07-04,24,34,14
1973-07-05,22.5,33,12
1973-07-06,24.5,33,16
1973-07-07,24,32,16
1973-07-08,22.5,29,16
1973-07-09,21,28,14
1973-07-10,19.5,26,13
1973-07-11,19.5,27,12
1973-07-12,19,26,12
1973-07-13,20.5,29,12
1973-07-14,21.5,29,14
1973-07-15,22.5,29,16
1973-07-16,22.5,30,15
1973-07-17,22,30,14
1973-07-18,22.5,30,15
1973-07-19,23,31,15
1973-07-20,22,29,15
1973-07-21,23,30,16
1973-07-22,22.5,30,15
1973-07-23,22,29,15
1973-07-24,21,28,14
1973-07-25,21.5,29,14
1973-07-26,22,31,13
1973-07-27,23,30,16
1973-07-28,23,31,15
1973-07-29,22,30,14
1973-07-30,23,30,16
1973-07-31,23,29,17
1973-08-01,22,28,16
1973-08-02,22.5,29,16
1973-08-03,22,28,16
1973-08-04,23,31,15
1973-08-05,22.5,30,15
1973-08-06,22.5,30,15
1973-08-07,23,30,16
1973-08-08,22,29,15
1973-08-09,21.5,30,13
1973-08-10,21.5,27,16
1973-08-11,21.5,28,15
1973-08-12,21.5,28,15
1973-08-13,22,30,14
1973-08-14,23.5,32,15
1973-08-15,24.5,33,16
1973-08-16,22,29,15
1973-08-17,22.5,30,15
1973-08-18,20,25,15
1973-08-19,18.5,27,10
1973-08-20,19,27,11
1973-08-21,20.5,28,13
1973-08-22,19,27,11
1973-08-23,19.5,27,12
1973-08-24,19,27,11
1973-08-25,21,31,11
1973-08-26,23,32,14
1973-08-27,21.5,29,14
1973-08-28,21,30,12
1973-08-29,21,29,13
1973-08-30,21.5,30,13
1973-08-31,20.5,29,12
1974-01-01,15,25,5
1974-01-02,14.5,25,4
1974-01-03,14.5,24,5
1974-01-04,16.5,27,6
1974-01-05,17,27,7
1974-01-06,16.5,27,6
1974-01-07,16,26,6
1974-01-08,17.5,28,7
1974-01-09,17.5,28,7
1974-01-10,17.5,28,7
1974-01-11,18,29,7
1974-01-12,19,30,8
1974-01-13,20.5,31,10
1974-01-14,22,33,11
1974-01-15,21.5,33,10
1974-01-16,22.5,34,11
1974-01-17,18.5,30,7
1974-01-18,15.5,27,4
1974-01-19,14,24,4
1974-01-20,12.5,21,4
1974-01-21,12.5,22,3
1974-01-22,12.5,21,4
1974-01-23,16.5,28,5
1974-01-24,19,31,7
1974-01-25,20,29,11
1974-01-26,14.5,24,5
1974-01-27,12,20,4
1974-01-28,11,20,2
1974-01-29,12,22,2
1974-01-30,13,24,2
1974-01-31,13,22,4
1974-02-01,12.5,21,4
1974-02-02,12.5,21,4
1974-02-03,13,22,4
1974-02-04,15.5,24,7
1974-02-05,18,30,6
1974-02-06,16.5,28,5
1974-02-07,3.95,5,2.9
1974-02-08,22,35,9
1974-02-09,16.5,27,6
1974-02-10,15.5,27,4
1974-02-11,13,22,4
1974-02-12,11.5,21,2
1974-02-13,15,26,4
1974-02-14,16.5,27,6
1974-02-15,18,29,7
1974-02-16,23,36,10
1974-02-17,20.5,32,9
1974-02-18,18,27,9
1974-02-19,14.5,24,5
1974-02-20,13,23,3
1974-02-21,13.5,24,3
1974-02-22,11.5,20,3
1974-02-23,13,24,2
1974-02-24,14.5,26,3
1974-02-25,13.5,23,4
1974-02-26,13,24,2
1974-02-27,14.5,25,4
1974-02-28,13.5,22,5
1974-03-01,12,20,4
1974-03-02,11.5,18,5
1974-03-03,16,27,5
1974-03-04,16,26,6
1974-03-05,17,27,7
1974-03-06,18,28,8
1974-03-07,19,28,10
1974-03-08,20.5,29,12
1974-03-09,21.5,30,13
1974-03-10,22,30,14
1974-03-11,18.5,28,9
1974-03-12,19.5,30,9
1974-03-13,18,29,7
1974-03-14,20,31,9
1974-03-15,20,30,10
1974-03-16,20,30,10
1974-03-17,20,30,10
1974-03-18,19,29,9
1974-03-19,17,27,7
1974-03-20,19.5,30,9
1974-03-21,19,30,8
1974-03-22,19,29,9
1974-03-23,17,28,6
1974-03-24,20,32,8
1974-03-25,21.5,31,12
1974-03-26,20.5,31,10
1974-03-27,18.5,30,7
1974-03-28,18.5,28,9
1974-03-29,19.5,29,10
1974-03-30,19,29,9
1974-03-31,19.5,29,10
1974-06-16,20.5,28,13
1974-06-17,20,28,12
1974-06-18,20.5,29,12
1974-06-19,21,28,14
1974-06-20,19.5,26,13
1974-06-21,20.5,28,13
1974-06-22,20,26,14
1974-06-23,21,30,12
1974-06-24,21.5,28,15
1974-06-25,19.5,26,13
1974-06-26,21,28,14
1974-06-27,20,27,13
1974-06-28,19,27,11
1974-06-29,22,29,15
1974-06-30,22,29,15
1974-07-01,21.5,25,18
1974-07-02,19.5,26,13
1974-07-03,21.5,27,16
1974-07-04,19.25,24.5,14
1974-07-05,17,21,13
1974-07-06,18.5,26,11
1974-07-07,18,25,11
1974-07-08,19.5,26,13
1974-07-09,19,26,12
1974-07-10,19,27,11
1974-07-11,20,28,12
1974-07-12,17.5,21,14
1974-07-13,19.5,25,14
1974-07-14,18.5,27,10
1974-07-15,19,28,10
1974-07-16,19,28,10
1974-07-17,19.5,26,13
1974-07-18,17.5,22,13
1974-07-19,19,27,11
1974-07-20,20.5,29,12
1974-07-21,21,30,12
1974-07-22,22.5,30,15
1974-07-23,21,27,15
1974-07-24,20.5,27,14
1974-07-25,21.5,30,13
1974-07-26,23,31,15
1974-07-27,21.25,29,13.5
1974-07-28,21.75,29,14.5
1974-07-29,21,30,12
1974-07-30,22.5,31,14
1974-07-31,23.25,31,15.5
1974-08-01,17.5,23,12
1974-08-02,21,29,13
1974-08-03,19.5,27,12
1974-08-04,21.25,29,13.5
1974-08-05,21.25,29,13.5
1974-08-06,20.75,30,11.5
1974-08-07,21,31,11
1974-08-08,21.5,29,14
1974-08-09,22.5,31,14
1974-08-10,24,32,16
1974-08-11,24.5,31,18
1974-08-12,20.5,29,12
1974-08-13,22.25,30.5,14
1974-08-14,21.75,30.5,13
1974-08-15,21,29,13
1974-08-16,21.75,29,14.5
1974-08-17,20.75,28,13.5
1974-08-18,20,29,11
1974-08-19,20.5,28,13
1974-08-20,20,26,14
1974-08-21,20,29,11
1974-08-22,20.5,29,12
1974-08-23,20,28,12
1974-08-24,20.25,28,12.5
1974-08-25,21.25,27,15.5
1974-08-26,23,31,15
1974-08-27,21.5,29,14
1974-08-28,22.75,31,14.5
1974-08-29,22,28,16
1974-08-30,21.75,28,15.5
1974-08-31,21.25,29,13.5
1974-09-01,21.75,29.5,14
1974-09-02,23.25,32,14.5
1974-09-03,21,26.5,15.5
1974-09-04,20.5,26.5,14.5
1974-09-05,20.75,26.5,15
1974-09-06,20.5,28,13
1974-09-07,21.5,29,14
1974-09-08,20,28.5,11.5
1974-09-09,19.75,29.5,10
1974-09-10,19.75,29,10.5
1974-09-11,20.75,27,14.5
1974-09-12,23,31,15
1974-09-13,19.5,28,11
1974-09-14,21,28,14
1974-09-15,21.5,27,16
1974-09-16,20.75,27.5,14
1974-09-17,21.25,29,13.5
1974-09-18,20.25,27,13.5
1974-09-19,19,27,11
1974-09-20,21,28,14
1974-09-21,19.25,25,13.5
1974-09-22,18,25,11
1974-09-23,18.5,26,11
1974-09-24,20,26,14
1974-09-25,21.25,27.5,15
1974-09-26,22.5,30,15
1974-09-27,21,26,16
1974-09-28,22.5,27,18
1974-09-29,20,25,15
1974-09-30,20.5,26,15
1974-10-01,19.5,26,13
1974-10-02,18,24,12
1974-10-03,17.5,23,12
1974-10-04,16.5,24,9
1974-10-05,18.5,26,11
1974-10-06,19,26,12
1974-10-07,16.5,23,10
1974-10-08,18.5,26,11
1974-10-09,20.25,27,13.5
1974-10-10,18.5,25,12
1974-10-11,18.25,26,10.5
1974-10-12,17.5,26,9
1974-10-13,19,25,13
1974-10-14,21,29,13
1974-10-15,17.5,23,12
1974-10-16,20.25,29,11.5
1974-10-17,19,29,9
1974-10-18,19.5,28,11
1974-10-19,15.5,24,7
1974-10-20,13.5,22,5
1974-10-21,15.5,22,9
1974-10-22,18.5,26,11
1974-10-23,17.5,25,10
1974-10-24,17.5,23,12
1974-10-25,17.75,24,11.5
1974-10-26,18.25,23,13.5
1974-10-27,19.25,26.5,12
1974-10-28,20,27,13
1974-10-29,19.5,28,11
1974-10-30,19,25,13
1974-10-31,19.25,25,13.5
1974-11-01,20,27,13
1974-11-02,20,26,14
1974-11-03,21,29,13
1974-11-04,22,30,14
1974-11-05,19.5,24,15
1974-11-06,17,21,13
1974-11-07,16,21,11
1974-11-08,18,24,12
1974-11-09,19.5,27,12
1974-11-10,20,27,13
1974-11-11,18.5,25,12
1974-11-12,11.5,15,8
1974-11-13,12,22,2
1974-11-14,13.5,25,2
1974-11-15,14,22,6
1974-11-16,17,27,7
1974-11-17,18,28,8
1974-11-18,20.5,29,12
1974-11-19,19.5,28,11
1974-11-20,19,26,12
1974-11-21,16,21,11
1974-11-22,17.25,24,10.5
1974-11-23,19.5,28,11
1974-11-24,17,23,11
1974-11-25,7,12,2
1974-11-26,6,13,-1
1974-11-27,11.5,21,2
1974-11-28,11.5,22,1
1974-11-29,13.5,23,4
1974-11-30,12.5,20,5
1974-12-01,12.25,18,6.5
1974-12-02,11,17,5
1974-12-03,9.5,13,6
1974-12-04,14.5,21,8
1974-12-05,17,27,7
1974-12-06,16.5,25,8
1974-12-07,14.5,22,7
1974-12-08,11,12,10
1974-12-09,14,19,9
1974-12-10,15.25,22,8.5
1974-12-11,16.5,22,11
1974-12-12,13,17,9
1974-12-13,13,17.5,8.5
1974-12-14,16,23,9
1974-12-15,14.5,23,6
1974-12-16,14.5,23,6
1974-12-17,16.5,25,8
1974-12-18,14,24,4
1974-12-19,9,14,4
1974-12-20,14,19,9
1974-12-21,12.5,21,4
1974-12-22,12.5,19,6
1974-12-23,15.5,21,10
1974-12-24,17.75,25,10.5
1974-12-25,14.5,19,10
1974-12-26,16,20,12
1974-12-27,14.5,17,12
1974-12-28,17.75,23,12.5
1974-12-29,18,26,10
1974-12-30,19,27,11
1974-12-31,16,23,9
1975-01-01,15,21,9
1975-01-02,15.5,23,8
1975-01-03,17.5,25,10
1975-01-04,16.5,24,9
1975-01-05,13,15,11
1975-01-06,11.5,19,4
1975-01-07,12,21,3
1975-01-08,13.5,21,6
1975-01-09,9,14,4
1975-01-10,9.25,15,3.5
1975-01-11,14,23,5
1975-01-12,14.5,22,7
1975-01-13,17,25,9
1975-01-14,15.5,22,9
1975-01-15,15.5,25,6
1975-01-16,13.5,19,8
1975-01-17,16,27,5
1975-01-18,18,26,10
1975-01-19,12,15,9
1975-01-20,13,22,4
1975-01-21,14.5,24,5
1975-01-22,15,26,4
1975-01-23,16.5,25,8
1975-01-24,16.5,23,10
1975-01-25,12,19,5
1975-01-26,15.5,26,5
1975-01-27,13.5,22,5
1975-01-28,17,27,7
1975-01-29,18,26,10
1975-01-30,17.25,24,10.5
1975-01-31,19.5,26,13
1975-02-01,17.5,24,11
1975-02-02,17.5,23,12
1975-02-03,17.5,23,12
1975-02-04,18.5,25,12
1975-02-05,17,24,10
1975-02-06,16,24,8
1975-02-07,12.5,17,8
1975-02-08,15,25,5
1975-02-09,16,25,7
1975-02-10,15.5,23,8
1975-02-11,16.5,26,7
1975-02-12,14.5,22,7
1975-02-13,13,21,5
1975-02-14,15,26,4
1975-02-15,15,25,5
1975-02-16,17,26,8
1975-02-17,18.5,29,8
1975-02-18,19,28,10
1975-02-19,16,24,8
1975-02-20,11,17,5
1975-02-21,15,25,5
1975-02-22,17.5,27,8
1975-02-23,12.5,17,8
1975-02-24,8.5,21,-4
1975-02-25,11,23,-1
1975-02-26,15,26,4
1975-02-27,14.5,23,6
1975-02-28,16.5,25,8
1975-03-01,16.5,25,8
1975-03-02,17,26,8
1975-03-03,16.5,25,8
1975-03-04,17.5,28,7
1975-03-05,19.5,28,11
1975-03-06,18,24,12
1975-03-07,19.5,30,9
1975-03-08,21,32,10
1975-03-09,18.5,25,12
1975-03-10,20.5,29,12
1975-03-11,21,30,12
1975-03-12,18.5,26,11
1975-03-13,18.5,29,8
1975-03-14,15.5,28,3
1975-03-15,13,21,5
1975-03-16,19,30,8
1975-03-17,21,31,11
1975-03-18,20,30,10
1975-03-19,19.5,30,9
1975-03-20,17.5,26,9
1975-03-21,21,31,11
1975-03-22,23.5,33,14
1975-03-23,23,34,12
1975-03-24,20.5,30,11
1975-03-25,18.5,29,8
1975-03-26,17.5,26,9
1975-03-27,22,30,14
1975-03-28,21.5,29,14
1975-03-29,22,32,12
1975-03-30,19.5,29,10
1975-03-31,17,27,7
1975-04-01,20.5,32,9
1975-04-02,22.5,33,12
1975-04-03,22.5,33,12
1975-04-04,14.5,23,6
1975-04-05,20.5,31,10
1975-04-06,22.5,31,14
1975-04-07,20,28,12
1975-04-08,21.5,30,13
1975-04-09,23.5,32,15
1975-04-10,23.5,32,15
1975-04-11,22.5,32,13
1975-04-12,22.5,30,15
1975-04-13,21,28,14
1975-04-14,24,33,15
1975-04-15,23,32,14
1975-04-16,20.5,28,13
1975-04-17,23,33,13
1975-04-18,25,35,15
1975-04-19,25.5,35,16
1975-04-20,19.5,31,8
1975-04-21,19,28,10
1975-04-22,19,27,11
1975-04-23,18.5,27,10
1975-04-24,22,31,13
1975-04-25,22,29,15
1975-04-26,25,35,15
1975-04-27,25.5,36,15
1975-04-28,23,33,13
1975-04-29,23,31,15
1975-04-30,21.5,30,13
1975-05-01,23.5,33,14
1975-05-02,23,31,15
1975-05-03,22.5,30,15
1975-05-04,25,33,17
1975-05-05,24,33,15
1975-05-06,23.5,33,14
1975-05-07,25,34,16
1975-05-08,26,34,18
1975-05-09,24.5,33,16
1975-05-10,24,32,16
1975-05-11,23,31,15
1975-05-12,21.5,30,13
1975-05-13,18,26,10
1975-05-14,20.5,30,11
1975-05-15,22,32,12
1975-05-16,21.5,31,12
1975-05-17,22.5,32,13
1975-05-18,22.5,31,14
1975-05-19,23,32,14
1975-05-20,23.5,31,16
1975-05-21,20.5,28,13
1975-05-22,21.5,31,12
1975-05-23,22,30,14
1975-05-24,24.5,32,17
1975-05-25,25.5,35,16
1975-05-26,21,29,13
1975-05-27,21,28,14
1975-05-28,22,28,16
1975-05-29,22,29,15
1975-05-30,23.5,31,16
1975-05-31,24.5,33,16
1975-06-01,20,28,12
1975-06-02,21,27,15
1975-06-03,21,30,12
1975-06-04,19.5,25,14
1975-06-05,22,28,16
1975-06-06,23,29,17
1975-06-07,24.5,31,18
1975-06-08,23.5,31,16
1975-06-09,22.5,31,14
1975-06-10,25,31,19
1975-06-11,24,32,16
1975-06-12,23,30,16
1975-06-13,20,25,15
1975-06-14,20.5,25,16
1975-06-15,23.5,31,16
1975-06-16,24.5,33,16
1975-06-17,24,33,15
1975-06-18,24,33,15
1975-06-19,22.5,29,16
1975-06-20,23,31,15
1975-06-21,20,25,15
1975-06-22,21,29,13
1975-06-23,20.5,26,15
1975-06-24,21,28,14
1975-06-25,20.5,27,14
1975-06-26,20.5,26,15
1975-06-27,21,28,14
1975-06-28,22,28,16
1975-06-29,20.5,27,14
1975-06-30,19.5,26,13
1975-07-01,19.5,26,13
1975-07-02,19.5,26,13
1975-07-03,21.5,29,14
1975-07-04,22,29,15
1975-07-05,19.5,26,13
1975-07-06,18,25,11
1975-07-07,20.5,27,14
1975-07-08,21.5,29,14
1975-07-09,21.5,28,15
1975-07-10,20.5,29,12
1975-07-11,21,29,13
1975-07-12,19,21,17
1975-07-13,23,31,15
1975-07-14,19,25,13
1975-07-15,17,23,11
1975-07-16,17,19,15
1975-07-17,18.5,22,15
1975-07-18,19.5,25,14
1975-07-19,21.5,27,16
1975-07-20,20,25,15
1975-07-21,19.5,26,13
1975-07-22,21.5,28,15
1975-07-23,21.5,27,16
1975-07-24,21.5,28,15
1975-07-25,22,29,15
1975-07-26,21,29,13
1975-07-27,17.5,24,11
1975-07-28,20,27,13
1975-07-29,19.5,26,13
1975-07-30,23.5,31,16
1975-07-31,22.5,31,14
1975-08-01,22.5,30,15
1975-08-02,24,33,15
1975-08-03,21,28,14
1975-08-04,21,30,12
1975-08-05,22.5,29,16
1975-08-06,20,27,13
1975-08-07,19.5,25,14
1975-08-08,19.5,24,15
1975-08-09,20,25,15
1975-08-10,17,19,15
1975-08-11,17,20,14
1975-08-12,19,24,14
1975-08-13,20,27,13
1975-08-14,20.5,27,14
1975-08-15,22.5,30,15
1975-08-16,21.5,30,13
1975-08-17,22.5,30,15
1975-08-18,21.5,29,14
1975-08-19,21.5,28,15
1975-08-20,21.5,29,14
1975-08-21,20,29,11
1975-08-22,21.5,29,14
1975-08-23,20.5,28,13
1975-08-24,21.5,28,15
1975-08-25,20.5,28,13
1975-08-26,22,31,13
1975-08-27,21,29,13
1975-08-28,19.5,27,12
1975-08-29,21.5,29,14
1975-08-30,22,32,12
1975-08-31,21,27,15
1975-09-01,19,23,15
1975-09-02,21,26,16
1975-09-03,18,26,10
1975-09-04,19,27,11
1975-09-05,21,28,14
1975-09-06,21,28,14
1975-09-07,20.5,28,13
1975-09-08,21,27,15
1975-09-09,19.5,25,14
1975-09-10,20,26,14
1975-09-11,19.5,25,14
1975-09-12,19,28,10
1975-09-13,20,28,12
1975-09-14,20.5,28,13
1975-09-15,18.5,27,10
1975-09-16,20.5,29,12
1975-09-17,21,30,12
1975-09-18,22,30,14
1975-09-19,22.5,32,13
1975-09-20,23,31,15
1975-09-21,21.5,28,15
1975-09-22,21.5,29,14
1975-09-23,19,25,13
1975-09-24,14,23,5
1975-09-25,14.5,24,5
1975-09-26,14.5,24,5
1975-09-27,16,25,7
1975-09-28,19,27,11
1975-09-29,18.5,27,10
1975-09-30,19,27,11
1975-10-01,20.5,28,13
1975-10-02,18,25,11
1975-10-03,12.5,17,8
1975-10-04,17,23,11
1975-10-05,19,26,12
1975-10-06,17.5,24,11
1975-10-07,18,26,10
1975-10-08,17.5,27,8
1975-10-09,19,29,9
1975-10-10,19.5,29,10
1975-10-11,19.5,27,12
1975-10-12,15.5,23,8
1975-10-13,18.5,26,11
1975-10-14,19,25,13
1975-10-15,21.5,29,14
1975-10-16,22,30,14
1975-10-17,19,28,10
1975-10-18,20,27,13
1975-10-19,18.5,26,11
1975-10-20,17,26,8
1975-10-21,18.5,29,8
1975-10-22,17.5,28,7
1975-10-23,19,30,8
1975-10-24,21,29,13
1975-10-25,21.5,29,14
1975-10-26,20,26,14
1975-10-27,20,27,13
1975-10-28,21.5,28,15
1975-10-29,20,28,12
1975-10-30,19,26,12
1975-10-31,13.5,19,8
1975-11-01,16,24,8
1975-11-02,18.5,26,11
1975-11-03,19.5,27,12
1975-11-04,18,26,10
1975-11-05,17.5,24,11
1975-11-06,16.5,23,10
1975-11-07,17.5,26,9
1975-11-08,17.5,27,8
1975-11-09,17.5,27,8
1975-11-10,18.5,29,8
1975-11-11,16.5,27,6
1975-11-12,16.5,28,5
1975-11-13,16,25,7
1975-11-14,10,19,1
1975-11-15,12.5,23,2
1975-11-16,14.5,25,4
1975-11-17,15,26,4
1975-11-18,15,25,5
1975-11-19,15.5,24,7
1975-11-20,14.5,23,6
1975-11-21,17.5,26,9
1975-11-22,14.5,18,11
1975-11-23,15,23,7
1975-11-24,10.5,16,5
1975-11-25,13,22,4
1975-11-26,15,22,8
1975-11-27,16,23,9
1975-11-28,17,26,8
1975-11-29,18.5,27,10
1975-11-30,19,27,11
1975-12-01,17.5,26,9
1975-12-02,15.5,25,6
1975-12-03,15.5,24,7
1975-12-04,15,22,8
1975-12-05,17,25,9
1975-12-06,16.5,27,6
1975-12-07,15,23,7
1975-12-08,15,21,9
1975-12-09,15.5,24,7
1975-12-10,13,21,5
1975-12-11,14.5,23,6
1975-12-12,14,24,4
1975-12-13,14.5,24,5
1975-12-14,14.5,21,8
1975-12-15,16,23,9
1975-12-16,17.5,25,10
1975-12-17,16.5,23,10
1975-12-18,17,25,9
1975-12-19,6.5,10,3
1975-12-20,6,8,4
1975-12-21,12.5,17,8
1975-12-22,11.5,16,7
1975-12-23,14.5,21,8
1975-12-24,15.5,22,9
1975-12-25,12.5,23,2
1975-12-26,8.5,15,2
1975-12-27,9,14,4
1975-12-28,10.5,18,3
1975-12-29,12.5,21,4
1975-12-30,12,21,3
1975-12-31,4.5,7,2
1976-01-01,12,23,1
1976-01-02,14.5,24,5
1976-01-03,16,25,7
1976-01-04,10.5,18,3
1976-01-05,7.5,12,3
1976-01-06,13,22,4
1976-01-07,14.5,25,4
1976-01-08,14.5,23,6
1976-01-09,6,15,-3
1976-01-10,8,15,1
1976-01-11,13,21,5
1976-01-12,16,24,8
1976-01-13,14,22,6
1976-01-14,15.5,25,6
1976-01-15,16.5,23,10
1976-01-16,12.5,19,6
1976-01-17,15,23,7
1976-01-18,8.5,16,1
1976-01-19,9,16,2
1976-01-20,10,19,1
1976-01-21,9.5,17,2
1976-01-22,10,14,6
1976-01-23,10,16,4
1976-01-24,13.5,22,5
1976-01-25,16.5,26,7
1976-01-26,15,23,7
1976-01-27,13.5,22,5
1976-01-28,4,6,2
1976-01-29,11.5,20,3
1976-01-30,12.5,21,4
1976-01-31,13.5,22,5
1976-02-01,10.5,20,1
1976-02-02,9.5,18,1
1976-02-03,10.5,20,1
1976-02-04,12.5,23,2
1976-02-05,16,24,8
1976-02-06,18,26,10
1976-02-07,18.5,27,10
1976-02-08,15.5,22,9
1976-02-09,16.5,26,7
1976-02-10,16.5,27,6
1976-02-11,17.5,29,6
1976-02-12,17,30,4
1976-02-13,15.5,26,5
1976-02-14,16,27,5
1976-02-15,13.5,21,6
1976-02-16,17,25,9
1976-02-17,18.5,27,10
1976-02-18,19.5,27,12
1976-02-19,18.5,27,10
1976-02-20,18.5,28,9
1976-02-21,18,28,8
1976-02-22,16,27,5
1976-02-23,4.5,13,-4
1976-02-24,4,12,-4
1976-02-25,9,21,-3
1976-02-26,13,24,2
1976-02-27,13,24,2
1976-02-28,13.5,24,3
1976-02-29,15.5,26,5
1976-03-02,19,29,9
1976-03-03,19.5,29,10
1976-03-04,18.5,28,9
1976-03-05,19,29,9
1976-03-06,19.5,30,9
1976-03-07,18,25,11
1976-03-08,17.5,25,10
1976-03-09,18.5,27,10
1976-03-10,17.5,25,10
1976-03-11,20,28,12
1976-03-12,22,31,13
1976-03-13,22.5,32,13
1976-03-14,20.5,27,14
1976-03-15,18.5,28,9
1976-03-16,19,29,9
1976-03-17,17.5,25,10
1976-03-18,15.5,25,6
1976-03-19,19,30,8
1976-03-20,20.5,29,12
1976-03-21,22,31,13
1976-03-22,21,28,14
1976-03-23,18.5,24,13
1976-03-24,16,22,10
1976-03-25,19.5,29,10
1976-03-26,19.5,30,9
1976-03-27,21,30,12
1976-03-28,19,27,11
1976-03-29,21,30,12
1976-03-30,21,28,14
1976-03-31,20.5,28,13
1976-04-01,14.5,22,7
1976-04-02,14.5,21,8
1976-04-03,17,25,9
1976-04-04,18.5,26,11
1976-04-05,16,21,11
1976-04-06,17,23,11
1976-04-07,19,25,13
1976-04-08,17,26,8
1976-04-09,18.5,27,10
1976-04-10,17,23,11
1976-04-11,20.5,28,13
1976-04-12,22.5,30,15
1976-04-13,19,26,12
1976-04-14,19.5,28,11
1976-04-15,22,31,13
1976-04-16,19.5,26,13
1976-04-17,21,30,12
1976-04-18,22,31,13
1976-04-19,22.5,31,14
1976-04-20,21.5,29,14
1976-04-21,22,31,13
1976-04-22,22,29,15
1976-04-23,23,30,16
1976-04-24,22.5,30,15
1976-04-25,19,27,11
1976-04-26,16.5,25,8
1976-04-27,19,28,10
1976-04-28,21.5,29,14
1976-04-29,22,30,14
1976-04-30,20.5,27,14
1976-05-01,19,27,11
1976-05-02,18,26,10
1976-05-03,16.5,21,12
1976-05-04,18.5,25,12
1976-05-05,18.5,24,13
1976-05-06,20,29,11
1976-05-07,22.5,31,14
1976-05-08,23,31,15
1976-05-09,19.5,28,11
1976-05-10,21,28,14
1976-05-11,19,27,11
1976-05-12,20.5,28,13
1976-05-13,21.5,29,14
1976-05-14,16,24,8
1976-05-15,18,27,9
1976-05-16,22.5,31,14
1976-05-17,22,31,13
1976-05-18,20,27,13
1976-05-19,16.5,22,11
1976-05-20,16.5,23,10
1976-05-21,18.5,25,12
1976-05-22,20.5,27,14
1976-05-23,21.5,28,15
1976-05-24,24,31,17
1976-05-25,24.5,32,17
1976-05-26,24,32,16
1976-05-27,24.5,31,18
1976-05-28,20,28,12
1976-05-29,21,28,14
1976-05-30,24,32,16
1976-05-31,21.5,31,12
1976-06-01,24,33,15
1976-06-02,23,33,13
1976-06-03,20.5,28,13
1976-06-04,20.5,29,12
1976-06-05,21.5,29,14
1976-06-06,21.5,27,16
1976-06-07,20,27,13
1976-06-08,21,28,14
1976-06-09,21.5,28,15
1976-06-10,21,27,15
1976-06-11,21,28,14
1976-06-12,22.5,32,13
1976-06-13,23,31,15
1976-06-14,22.5,29,16
1976-06-15,22,31,13
1976-06-16,23.5,33,14
1976-06-17,23,30,16
1976-06-18,22,28,16
1976-06-19,22.5,28,17
1976-06-20,21,29,13
1976-06-21,19,27,11
1976-06-22,21,28,14
1976-06-23,21.5,28,15
1976-06-24,23.5,32,15
1976-06-25,24.5,33,16
1976-06-26,23.5,30,17
1976-06-27,22,29,15
1976-06-28,22,28,16
1976-06-29,18.5,26,11
1976-06-30,20.5,27,14
1976-07-01,19,27,11
1976-07-02,19,27,11
1976-07-03,23,29,17
1976-07-04,23.5,30,17
1976-07-05,21.5,27,16
1976-07-06,20,24,16
1976-07-07,18.5,22,15
1976-07-08,19,22,16
1976-07-09,19.5,23,16
1976-07-10,19.5,23,16
1976-07-11,22.5,29,16
1976-07-12,17.5,21,14
1976-07-13,17.5,20,15
1976-07-14,19,24,14
1976-07-15,19.5,24,15
1976-07-16,19,24,14
1976-07-17,18.5,23,14
1976-07-18,19,25,13
1976-07-19,17.5,24,11
1976-07-20,19.5,26,13
1976-07-21,18.5,23,14
1976-07-22,19.5,25,14
1976-07-23,19.5,25,14
1976-07-24,20,26,14
1976-07-25,18.5,24,13
1976-07-26,19,25,13
1976-07-27,19.5,26,13
1976-07-28,19.5,27,12
1976-07-29,22,28,16
1976-07-30,21,27,15
1976-07-31,20,26,14
1976-08-01,20,26,14
1976-08-02,20.5,26,15
1976-08-03,20,26,14
1976-08-04,19.5,26,13
1976-08-05,21.5,28,15
1976-08-06,19.5,25,14
1976-08-07,20,26,14
1976-08-08,19.5,26,13
1976-08-09,19,26,12
1976-08-10,21,28,14
1976-08-11,19.5,27,12
1976-08-12,20,27,13
1976-08-13,20.5,28,13
1976-08-14,19.5,26,13
1976-08-15,21.5,28,15
1976-08-16,19,26,12
1976-08-17,20,25,15
1976-08-18,20.5,26,15
1976-08-19,19.5,26,13
1976-08-20,18.5,23,14
1976-08-21,18,24,12
1976-08-22,20,25,15
1976-08-23,20.5,26,15
1976-08-24,19.5,25,14
1976-08-25,20.5,27,14
1976-08-26,19,27,11
1976-08-27,18.5,25,12
1976-08-28,18.5,22,15
1976-08-29,18.5,25,12
1976-08-30,17.5,22,13
1976-08-31,18.5,23,14
1976-09-01,20.5,27,14
1976-09-02,22,29,15
1976-09-03,19,23,15
1976-09-04,17.5,22,13
1976-09-05,19.5,26,13
1976-09-06,19,28,10
1976-09-07,21,29,13
1976-09-08,21.5,29,14
1976-09-09,20.5,28,13
1976-09-10,19,27,11
1976-09-11,20,27,13
1976-09-12,23,30,16
1976-09-13,23,29,17
1976-09-14,21.5,29,14
1976-09-15,20.5,27,14
1976-09-16,20,26,14
1976-09-17,21,29,13
1976-09-18,21,27,15
1976-09-19,20,25,15
1976-09-20,20.5,26,15
1976-09-21,20.5,25,16
1976-09-22,18.5,25,12
1976-09-23,20,25,15
1976-09-24,22,28,16
1976-09-25,21.5,27,16
1976-09-26,21.5,28,15
1976-09-27,21,28,14
1976-09-28,21,28,14
1976-09-29,21,27,15
1976-10-01,21,27,15
1976-10-02,19,23,15
1976-10-03,21.5,28,15
1976-10-04,21.5,28,15
1976-10-05,22,29,15
1976-10-06,18,25,11
1976-10-07,16.5,23,10
1976-10-08,16.5,23,10
1976-10-09,13,14,12
1976-10-10,14.5,16,13
1976-10-11,14.5,21,8
1976-10-12,16.5,24,9
1976-10-13,18,24,12
1976-10-14,17,23,11
1976-10-15,18.5,25,12
1976-10-16,18.5,26,11
1976-10-17,19,25,13
1976-10-18,15.5,21,10
1976-10-19,17.5,24,11
1976-10-20,19.5,27,12
1976-10-21,15.5,20,11
1976-10-22,16,22,10
1976-10-23,16,22,10
1976-10-24,17.5,25,10
1976-10-25,19,28,10
1976-10-26,19.5,24,15
1976-10-27,19,24,14
1976-10-28,19.5,25,14
1976-10-29,18.5,25,12
1976-10-30,19,25,13
1976-10-31,19,26,12
1976-11-01,15.5,21,10
1976-11-02,11,13,9
1976-11-03,14.5,21,8
1976-11-04,13.5,21,6
1976-11-05,12.5,20,5
1976-11-06,10,19,1
1976-11-07,11,21,1
1976-11-08,11.5,20,3
1976-11-09,9,15,3
1976-11-10,9,13,5
1976-11-11,11,15,7
1976-11-12,17,24,10
1976-11-13,16,21,11
1976-11-14,16.5,24,9
1976-11-15,14,24,4
1976-11-16,14.5,23,6
1976-11-17,15,21,9
1976-11-18,15.5,23,8
1976-11-19,11.5,14,9
1976-11-20,12.5,15,10
1976-11-21,14,21,7
1976-11-22,14,21,7
1976-11-23,10.5,13,8
1976-11-24,13,18,8
1976-11-25,12,15,9
1976-11-26,12.5,15,10
1976-11-27,17.5,23,12
1976-11-28,18,24,12
1976-11-29,15,20,10
1976-11-30,7,12,2
1976-12-01,11.5,19,4
1976-12-02,9.5,12,7
1976-12-03,9,14,4
1976-12-04,10.5,17,4
1976-12-05,16,22,10
1976-12-06,15.5,21,10
1976-12-07,15,21,9
1976-12-08,12,19,5
1976-12-09,9,14,4
1976-12-10,9.5,13,6
1976-12-11,11.5,13,10
1976-12-12,14.5,18,11
1976-12-13,12.5,15,10
1976-12-14,14.5,18,11
1976-12-15,14.5,22,7
1976-12-16,16,23,9
1976-12-17,17,24,10
1976-12-18,9.5,14,5
1976-12-19,15,22,8
1976-12-20,17.5,24,11
1976-12-21,14,22,6
1976-12-22,8,12,4
1976-12-23,8.5,12,5
1976-12-24,8.5,12,5
1976-12-25,15,20,10
1976-12-26,14,22,6
1976-12-27,11,18,4
1976-12-28,14.5,20,9
1976-12-29,16.5,24,9
1976-12-30,13.55,20.1,7
1976-12-31,17.5,23,12
1977-01-01,14.5,19,10
1977-01-02,14.5,19,10
1977-01-03,13,20,6
1977-01-04,14,22,6
1977-01-05,16.5,26,7
1977-01-06,16.5,27,6
1977-01-07,18.5,28,9
1977-01-08,13.5,22,5
1977-01-09,17,25,9
1977-01-10,13,21,5
1977-01-11,7.5,12,3
1977-01-12,14,24,4
1977-01-13,9.5,13,6
1977-01-14,11.5,16,7
1977-01-15,15,20,10
1977-01-16,14,22,6
1977-01-17,13,20,6
1977-01-18,8,12,4
1977-01-19,10,19,1
1977-01-20,10.5,19,2
1977-01-21,11.5,19,4
1977-01-22,9,13,5
1977-01-23,13.5,20,7
1977-01-24,15,22,8
1977-01-25,17,24,10
1977-01-26,12,17,7
1977-01-27,15,24,6
1977-01-28,15.5,23,8
1977-01-29,16,24,8
1977-01-30,14.5,20,9
1977-01-31,17.5,26,9
1977-02-01,10.5,15,6
1977-02-02,12.5,20,5
1977-02-03,13,20,6
1977-02-04,14.5,21,8
1977-02-05,15.5,25,6
1977-02-06,11.5,17,6
1977-02-07,13.5,21,6
1977-02-08,13,21,5
1977-02-09,14.5,23,6
1977-02-10,14.5,20,9
1977-02-11,14,21,7
1977-02-12,16,25,7
1977-02-13,13.5,22,5
1977-02-14,12.5,22,3
1977-02-15,12,20,4
1977-02-16,12.5,20,5
1977-02-17,10,18,2
1977-02-18,12.5,22,3
1977-02-19,15,25,5
1977-02-20,14,22,6
1977-02-21,13.5,20,7
1977-02-22,15,25,5
1977-02-23,15.5,26,5
1977-02-24,15.5,25,6
1977-02-25,16.5,26,7
1977-02-26,18,28,8
1977-02-27,14.5,27,2
1977-02-28,15,25,5
1977-03-01,9,16,2
1977-03-02,11,18,4
1977-03-03,15.5,26,5
1977-03-04,16,25,7
1977-03-05,15.5,27,4
1977-03-06,14.5,24,5
1977-03-07,14,28,0
1977-03-08,12.5,20,5
1977-03-09,12,20,4
1977-03-10,13.5,22,5
1977-03-11,13.5,27,0
1977-03-12,18,29,7
1977-03-13,18.5,29,8
1977-03-14,18.5,31,6
1977-03-15,20.5,32,9
1977-03-16,22,34,10
1977-03-17,20,30,10
1977-03-18,20.5,34,7
1977-03-19,19,34,4
1977-03-20,24,34,14
1977-03-21,21.5,32,11
1977-03-22,22,34,10
1977-03-23,16.5,22,11
1977-03-24,18.5,27,10
1977-03-25,21,31,11
1977-03-26,21,30,12
1977-03-27,21.5,29,14
1977-03-28,17,27,7
1977-03-29,17,29,5
1977-03-30,18,29,7
1977-03-31,21.5,31,12
1977-04-01,23,32,14
1977-04-02,22.5,32,13
1977-04-03,22.5,33,12
1977-04-04,20.5,32,9
1977-04-05,17.5,31,4
1977-04-06,12,22,2
1977-04-07,12.5,21,4
1977-04-08,15,25,5
1977-04-09,17,26,8
1977-04-10,17,24,10
1977-04-11,18,25,11
1977-04-12,18,24,12
1977-04-13,18,25,11
1977-04-14,18,24,12
1977-04-15,16,24,8
1977-04-16,19,27,11
1977-04-17,20.5,28,13
1977-04-18,20.5,28,13
1977-04-19,20,27,13
1977-04-20,15,20,10
1977-04-21,17.5,26,9
1977-04-22,19,27,11
1977-04-23,18.5,27,10
1977-04-24,17.5,24,11
1977-04-25,16.5,25,8
1977-04-26,18,25,11
1977-04-27,16.5,23,10
1977-04-28,18,25,11
1977-04-29,20,28,12
1977-04-30,16.05,20.1,12
1977-05-01,17,22,12
1977-05-02,20,30,10
1977-05-03,21.5,30,13
1977-05-04,20.5,30,11
1977-05-05,21,30,12
1977-05-06,21,31,11
1977-05-07,23,32,14
1977-05-08,24,32,16
1977-05-09,20.5,31,10
1977-05-10,19.5,27,12
1977-05-11,20.5,30,11
1977-05-12,21.5,30,13
1977-05-13,22,29,15
1977-05-14,20.5,26,15
1977-05-15,22.5,32,13
1977-05-16,20,30,10
1977-05-17,15.5,19,12
1977-05-18,21.5,31,12
1977-05-19,22.5,30,15
1977-05-20,21,30,12
1977-05-21,22.5,31,14
1977-05-22,23.5,32,15
1977-05-23,21.5,31,12
1977-05-24,19,26,12
1977-05-25,21,28,14
1977-05-26,21.5,30,13
1977-05-27,20.5,29,12
1977-05-28,22,31,13
1977-05-29,23,31,15
1977-05-30,22,31,13
1977-05-31,22,31,13
1977-06-01,21.5,31,12
1977-06-02,21.5,30,13
1977-06-03,22.5,31,14
1977-06-04,22,30,14
1977-06-05,20.5,27,14
1977-06-06,19.5,28,11
1977-06-07,19.5,28,11
1977-06-08,21,30,12
1977-06-09,19.5,28,11
1977-06-10,23,31,15
1977-06-11,21,29,13
1977-06-12,24,31,17
1977-06-13,24,31,17
1977-06-14,24.5,32,17
1977-06-15,23,30,16
1977-06-16,21.5,29,14
1977-06-17,21,28,14
1977-06-18,22,28,16
1977-06-19,21,29,13
1977-06-20,22.5,30,15
1977-06-21,21.5,29,14
1977-06-22,22,29,15
1977-06-23,20.5,27,14
1977-06-24,21.5,28,15
1977-06-25,19.5,26,13
1977-06-26,20,28,12
1977-06-27,20,28,12
1977-06-28,23,31,15
1977-06-29,23.5,32,15
1977-06-30,21,27,15
1977-07-01,20,26,14
1977-07-02,22,29,15
1977-07-03,21.5,27,16
1977-07-04,21,29,13
1977-07-05,18.5,25,12
1977-07-06,20.5,28,13
1977-07-07,20.5,27,14
1977-07-08,21,29,13
1977-07-09,20.5,28,13
1977-07-10,20.5,28,13
1977-07-11,20,27,13
1977-07-12,20,27,13
1977-07-13,19,25,13
1977-07-14,21.5,28,15
1977-07-15,21,28,14
1977-07-16,18.5,24,13
1977-07-17,22,29,15
1977-07-18,22,28,16
1977-07-19,22.5,29,16
1977-07-20,23,30,16
1977-07-21,22.5,30,15
1977-07-22,22.5,29,16
1977-07-23,20,27,13
1977-07-24,21,27,15
1977-07-25,22,29,15
1977-07-26,22.5,30,15
1977-07-27,22.5,30,15
1977-07-28,21,28,14
1977-07-29,21.5,29,14
1977-07-30,22,30,14
1977-07-31,22.5,30,15
1977-08-01,21.5,29,14
1977-08-02,23,30,16
1977-08-03,23.5,31,16
1977-08-04,22.5,30,15
1977-08-05,22,31,13
1977-08-06,21.5,31,12
1977-08-07,20,28,12
1977-08-08,21.5,28,15
1977-08-09,21.5,27,16
1977-08-10,21.5,28,15
1977-08-11,20,26,14
1977-08-12,20,25,15
1977-08-13,21,28,14
1977-08-14,22.5,30,15
1977-08-15,19.5,28,11
1977-08-16,19,26,12
1977-08-17,21,28,14
1977-08-18,21.5,29,14
1977-08-19,20.5,27,14
1977-08-20,20,27,13
1977-08-21,22,28,16
1977-08-22,24,31,17
1977-08-23,24.5,32,17
1977-08-24,25.5,33,18
1977-08-25,24.5,32,17
1977-08-26,22,30,14
1977-08-27,24,31,17
1977-08-28,25,32,18
1977-08-29,23.5,30,17
1977-08-30,21.5,27,16
1977-08-31,20,26,14
1977-09-01,21.5,28,15
1977-09-02,22,27,17
1977-09-03,20.5,28,13
1977-09-04,17.5,20,15
1977-09-05,22,27,17
1977-09-06,21.5,28,15
1977-09-07,22,28,16
1977-09-08,21,29,13
1977-09-09,21.5,27,16
1977-09-10,22,29,15
1977-09-11,21,28,14
1977-09-12,20,27,13
1977-09-13,21,28,14
1977-09-14,21.5,29,14
1977-09-15,22,29,15
1977-09-16,20,27,13
1977-09-17,21.5,28,15
1977-09-18,20.5,27,14
1977-09-19,23,30,16
1977-09-20,21.5,28,15
1977-09-21,21.5,27,16
1977-09-22,21,28,14
1977-09-23,22,28,16
1977-09-24,20.5,26,15
1977-09-25,21.5,26,17
1977-09-26,24,34,14
1977-09-27,26,36,16
1977-09-28,22.5,30,15
1977-09-29,22.5,29,16
1977-09-30,22.5,30,15
1977-10-01,24,32,16
1977-10-02,22.5,30,15
1977-10-03,22.5,31,14
1977-10-04,21,27,15
1977-10-05,21,29,13
1977-10-06,24,32,16
1977-10-07,23.5,33,14
1977-10-08,23,31,15
1977-10-09,23,30,16
1977-10-10,22.5,31,14
1977-10-11,24,33,15
1977-10-12,19.5,23,16
1977-10-13,19.5,26,13
1977-10-14,18,24,12
1977-10-15,20.5,27,14
1977-10-16,19,25,13
1977-10-17,21.5,28,15
1977-10-18,21.5,29,14
1977-10-19,19,26,12
1977-10-20,19,27,11
1977-10-21,19.5,26,13
1977-10-22,21,28,14
1977-10-23,17,18,16
1977-10-24,21.5,28,15
1977-10-25,21.5,28,15
1977-10-26,17.5,24,11
1977-10-27,18.5,25,12
1977-10-28,20.5,26,15
1977-10-29,21,28,14
1977-10-30,22,29,15
1977-10-31,21.5,30,13
1977-11-01,21.5,29,14
1977-11-02,21,27,15
1977-11-03,21,28,14
1977-11-04,21,29,13
1977-11-05,22,30,14
1977-11-06,22,29,15
1977-11-07,22,28,16
1977-11-08,17.5,28,7
1977-11-09,17.5,27,8
1977-11-10,18.5,27,10
1977-11-11,19,26,12
1977-11-12,19,27,11
1977-11-13,18.5,25,12
1977-11-14,19.5,26,13
1977-11-15,18.5,25,12
1977-11-16,19.5,26,13
1977-11-17,19.5,25,14
1977-11-18,22.5,30,15
1977-11-19,22,30,14
1977-11-20,23,31,15
1977-11-21,21.5,29,14
1977-11-22,21,28,14
1977-11-23,21.5,29,14
1977-11-24,22.5,30,15
1977-11-25,20,27,13
1977-11-26,20,28,12
1977-11-27,21.5,28,15
1977-11-28,21.5,29,14
1977-11-29,17.5,28,7
1977-11-30,17.5,28,7
1977-12-01,21,28,14
1977-12-02,20.5,27,14
1977-12-03,19.5,26,13
1977-12-04,17.5,23,12
1977-12-05,18.5,25,12
1977-12-06,18.5,26,11
1977-12-07,17.5,25,10
1977-12-08,18,25,11
1977-12-09,20.5,28,13
1977-12-10,20.5,27,14
1977-12-11,19.5,26,13
1977-12-12,20.5,27,14
1977-12-13,21.5,28,15
1977-12-14,20.5,27,14
1977-12-15,21.5,28,15
1977-12-16,20,26,14
1977-12-17,20.5,27,14
1977-12-18,21.5,28,15
1977-12-19,21,28,14
1977-12-20,22,29,15
1977-12-21,22.5,29,16
1977-12-22,21.5,28,15
1977-12-23,19.5,26,13
1977-12-24,21,28,14
1977-12-25,22,28,16
1977-12-26,21.5,28,15
1977-12-27,20,26,14
1977-12-28,16.5,22,11
1977-12-29,18,24,12
1977-12-30,20,26,14
1977-12-31,21.5,29,14
1978-01-01,21,27,15
1978-01-02,23,30,16
1978-01-03,24,32,16
1978-01-04,22.5,30,15
1978-01-05,22,30,14
1978-01-06,23,31,15
1978-01-07,21,28,14
1978-01-08,21,27,15
1978-01-09,21.5,28,15
1978-01-10,23,30,16
1978-01-11,23,31,15
1978-01-12,23,30,16
1978-01-13,20.5,27,14
1978-01-14,19.5,26,13
1978-01-15,18.5,25,12
1978-01-16,19.5,26,13
1978-01-17,20.5,27,14
1978-01-18,22.5,29,16
1978-01-19,20.5,27,14
1978-01-20,22,29,15
1978-01-21,23.5,31,16
1978-01-22,22.5,31,14
1978-01-23,22.5,32,13
1978-01-24,22.5,31,14
1978-01-25,22,29,15
1978-01-26,22.5,29,16
1978-01-27,21.5,28,15
1978-01-28,20.5,27,14
1978-01-29,21.5,29,14
1978-01-30,23.5,31,16
1978-01-31,23,32,14
1978-02-01,22,31,13
1978-02-02,22.5,31,14
1978-02-03,24,32,16
1978-02-04,18.5,26,11
1978-02-05,16.5,25,8
1978-02-06,21,28,14
1978-02-07,18.5,26,11
1978-02-08,20.5,28,13
1978-02-09,19,26,12
1978-02-10,16.5,24,9
1978-02-11,20,27,13
1978-02-12,21.5,29,14
1978-02-13,21,29,13
1978-02-14,22,30,14
1978-02-15,23.5,31,16
1978-02-16,22,29,15
1978-02-17,20,28,12
1978-02-18,21.5,29,14
1978-02-19,22.5,33,12
1978-02-20,21.5,29,14
1978-02-21,23,31,15
1978-02-22,22.5,29,16
1978-02-23,21,31,11
1978-02-24,22.5,33,12
1978-02-25,21,31,11
1978-02-26,23,32,14
1978-02-27,23.5,32,15
1978-02-28,22.5,33,12
1978-03-01,22.5,33,12
1978-03-02,17.5,26,9
1978-03-03,19,26,12
1978-03-04,20,27,13
1978-03-05,22,29,15
1978-03-06,20,26,14
1978-03-07,19,25,13
1978-03-08,15.5,22,9
1978-03-09,17.5,24,11
1978-03-10,20.5,29,12
1978-03-11,22.5,31,14
1978-03-12,25.5,36,15
1978-03-13,21,32,10
1978-03-14,21.5,32,11
1978-03-15,21,31,11
1978-03-16,24,36,12
1978-03-17,22,32,12
1978-03-18,19,29,9
1978-03-19,17,26,8
1978-03-20,23,32,14
1978-03-21,22,31,13
1978-03-22,23,33,13
1978-03-23,22.5,31,14
1978-03-24,23.5,32,15
1978-03-25,21,29,13
1978-03-26,17,26,8
1978-03-27,16.5,24,9
1978-03-28,21.5,29,14
1978-03-29,22.5,30,15
1978-03-30,23.5,31,16
1978-03-31,24,32,16
1978-04-01,22,31,13
1978-04-02,19.5,29,10
1978-04-03,19.5,26,13
1978-04-04,18,25,11
1978-04-05,17,24,10
1978-04-06,15.5,22,9
1978-04-07,18,25,11
1978-04-08,19,26,12
1978-04-09,19,25,13
1978-04-10,19.5,27,12
1978-04-11,21,29,13
1978-04-12,22,30,14
1978-04-13,22,31,13
1978-04-14,22,32,12
1978-04-15,22.5,33,12
1978-04-16,21.5,31,12
1978-04-17,21.5,30,13
1978-04-18,22.5,33,12
1978-04-19,24,34,14
1978-04-20,22.5,33,12
1978-04-21,22.5,32,13
1978-04-22,23,34,12
1978-04-23,21.5,32,11
1978-04-24,21.5,33,10
1978-04-25,22.5,32,13
1978-04-26,21,31,11
1978-04-27,20.5,31,10
1978-04-28,20.5,32,9
1978-04-29,21,32,10
1978-04-30,21,33,9
1978-05-01,22.5,31,14
1978-05-02,22,33,11
1978-05-03,21.5,31,12
1978-05-04,22,33,11
1978-05-05,21.5,33,10
1978-05-06,21,31,11
1978-05-07,22,33,11
1978-05-08,22,32,12
1978-05-09,26.5,34,19
1978-05-10,22.5,33,12
1978-05-11,24.5,36,13
1978-05-12,23,34,12
1978-05-13,23,33,13
1978-05-14,22.5,32,13
1978-05-15,25,36,14
1978-05-16,22.5,33,12
1978-05-17,21,29,13
1978-05-18,22,31,13
1978-05-19,23,32,14
1978-05-20,24,33,15
1978-05-21,23.5,31,16
1978-05-22,22,34,10
1978-05-23,21,32,10
1978-05-24,22,33,11
1978-05-25,20,31,9
1978-05-26,20.5,31,10
1978-05-27,22,32,12
1978-05-28,21,31,11
1978-05-29,21.5,33,10
1978-05-30,19,29,9
1978-05-31,20,31,9
1978-06-01,19.5,27,12
1978-06-02,19,29,9
1978-06-03,20,28,12
1978-06-04,22,31,13
1978-06-05,18,26,10
1978-06-06,15,22,8
1978-06-07,15,23,7
1978-06-08,18,26,10
1978-06-09,20.5,29,12
1978-06-10,21,29,13
1978-06-11,22,30,14
1978-06-12,23,31,15
1978-06-13,19.5,26,13
1978-06-14,21,31,11
1978-06-15,22,31,13
1978-06-16,22,31,13
1978-06-17,18,26,10
1978-06-18,20.5,29,12
1978-06-19,21.5,30,13
1978-06-20,21.5,31,12
1978-06-21,21,31,11
1978-06-22,20.5,29,12
1978-06-23,22,31,13
1978-06-24,22.5,32,13
1978-06-25,21.5,32,11
1978-06-26,22,32,12
1978-06-27,18,25,11
1978-06-28,16.5,24,9
1978-06-29,18,25,11
1978-06-30,20.5,29,12
1978-07-01,20.5,29,12
1978-07-02,22.5,31,14
1978-07-03,22.5,32,13
1978-07-04,23,32,14
1978-07-05,23,31,15
1978-07-06,24.5,33,16
1978-07-07,22.5,32,13
1978-07-08,21.5,30,13
1978-07-09,23,31,15
1978-07-10,22,31,13
1978-07-11,23.5,32,15
1978-07-12,22.5,32,13
1978-07-13,21.5,31,12
1978-07-14,19.5,28,11
1978-07-15,21.5,30,13
1978-07-16,22.5,31,14
1978-07-17,23,31,15
1978-07-18,23.5,33,14
1978-07-19,23.5,32,15
1978-07-20,22,31,13
1978-07-21,22,32,12
1978-07-22,22.5,32,13
1978-07-23,23.5,33,14
1978-07-24,22.5,32,13
1978-07-25,18.5,27,10
1978-07-26,19.5,30,9
1978-07-27,21,31,11
1978-07-28,22.5,31,14
1978-07-29,23,31,15
1978-07-30,23,33,13
1978-07-31,24,32,16
1978-08-01,20,29,11
1978-08-02,21.5,30,13
1978-08-03,22,32,12
1978-08-04,23.5,33,14
1978-08-05,21.5,31,12
1978-08-06,20.5,29,12
1978-08-07,24.5,31,18
1978-08-08,23,32,14
1978-08-09,18,26,10
1978-08-10,22,30,14
1978-08-11,21,30,12
1978-08-12,22.5,32,13
1978-08-13,18,26,10
1978-08-14,22,31,13
1978-08-15,21,31,11
1978-08-16,22,31,13
1978-08-17,21.5,31,12
1978-08-18,21.5,32,11
1978-08-19,22.5,33,12
1978-08-20,22.5,33,12
1978-08-21,22.5,31,14
1978-08-22,22,32,12
1978-08-23,23,33,13
1978-08-24,22,31,13
1978-08-25,21,29,13
1978-08-26,22,32,12
1978-08-27,18,26,10
1978-08-28,15,23,7
1978-08-29,18.5,27,10
1978-08-30,21,30,12
1978-08-31,22.5,31,14
1978-09-01,19.5,28,11
1978-09-02,20.5,29,12
1978-09-03,20.5,28,13
1978-09-04,25.5,40,11
1978-09-05,22,31,13
1978-09-06,21,30,12
1978-09-07,20.5,28,13
1978-09-08,23,32,14
1978-09-09,19.5,29,10
1978-09-10,19.5,28,11
1978-09-11,22.5,32,13
1978-09-12,19.5,28,11
1978-09-13,23.5,33,14
1978-09-14,20,30,10
1978-09-15,23,33,13
1978-09-16,21.5,31,12
1978-09-17,17.5,25,10
1978-09-18,18.5,28,9
1978-09-19,23.5,33,14
1978-09-20,23,33,13
1978-09-21,21,30,12
1978-09-22,19.5,29,10
1978-09-23,23,32,14
1978-09-24,19.5,28,11
1978-09-25,21.5,30,13
1978-09-26,20,29,11
1978-09-27,24,34,14
1978-09-28,23,33,13
1978-09-29,21.5,30,13
1978-09-30,23.5,33,14
1978-10-01,22.5,32,13
1978-10-02,24,32,16
1978-10-03,23,31,15
1978-10-04,23,30,16
1978-10-05,21.5,31,12
1978-10-06,23,32,14
1978-10-07,21,29,13
1978-10-08,21,30,12
1978-10-09,23,31,15
1978-10-10,21.5,31,12
1978-10-11,23,31,15
1978-10-12,22,31,13
1978-10-13,22.5,31,14
1978-10-14,21.5,30,13
1978-10-15,20.5,29,12
1978-10-16,22.5,31,14
1978-10-17,22.5,32,13
1978-10-18,24.5,33,16
1978-10-19,23.5,31,16
1978-10-20,22,31,13
1978-10-21,19.5,26,13
1978-10-22,22,31,13
1978-10-23,20.5,29,12
1978-10-24,21,29,13
1978-10-25,22.5,32,13
1978-10-26,20,30,10
1978-10-27,18.5,28,9
1978-10-28,16.5,25,8
1978-10-29,20.5,30,11
1978-10-30,22.5,32,13
1978-10-31,21,30,12
1978-11-01,18.5,27,10
1978-11-02,18.5,26,11
1978-11-03,20,28,12
1978-11-04,21,29,13
1978-11-05,18.5,26,11
1978-11-06,18.5,25,12
1978-11-07,20,27,13
1978-11-08,17.5,25,10
1978-11-09,20.5,29,12
1978-11-10,21,29,13
1978-11-11,18.5,27,10
1978-11-12,20,28,12
1978-11-13,19.5,28,11
1978-11-14,21,29,13
1978-11-15,18.5,27,10
1978-11-16,18.5,26,11
1978-11-17,18,26,10
1978-11-18,18,25,11
1978-11-19,19,27,11
1978-11-20,19,28,10
1978-11-21,19,29,9
1978-11-22,19.5,26,13
1978-11-23,19,28,10
1978-11-24,19.5,28,11
1978-11-25,20,28,12
1978-11-26,17.5,25,10
1978-11-27,16.5,24,9
1978-11-28,18,27,9
1978-11-29,19,27,11
1978-11-30,19,28,10
1978-12-01,16.5,27,6
1978-12-02,19.5,28,11
1978-12-03,16.5,21,12
1978-12-04,19,26,12
1978-12-05,18.5,25,12
1978-12-06,15.5,26,5
1978-12-07,18,26,10
1978-12-08,18,23,13
1978-12-09,11,13,9
1978-12-10,4,10,-2
1978-12-11,7.5,13,2
1978-12-12,9.5,13,6
1978-12-13,12,17,7
1978-12-14,10.5,12,9
1978-12-15,14,18,10
1978-12-16,20,29,11
1978-12-17,13,16,10
1978-12-18,16,21,11
1978-12-19,16,25,7
1978-12-20,17,26,8
1978-12-21,13.5,18,9
1978-12-22,14,20,8
1978-12-23,13.5,23,4
1978-12-24,12,17,7
1978-12-25,12.5,18,7
1978-12-26,13.5,19,8
1978-12-27,10,16,4
1978-12-28,12,19,5
1978-12-29,16.5,25,8
1978-12-30,18,27,9
1978-12-31,18.5,27,10
1979-02-03,18,25.5,10.5
1979-02-04,18.25,25.5,11
1979-02-05,15.25,18,12.5
1979-02-06,10.75,18,3.5
1979-02-07,8,14,2
1979-02-08,12.75,22,3.5
1979-02-09,10,16,4
1979-02-10,11.5,18,5
1979-02-11,10.5,14,7
1979-02-12,15,22.5,7.5
1979-02-13,16,23,9
1979-02-14,16,25,7
1979-02-15,17,26,8
1979-02-16,17.5,26,9
1979-02-17,17,24,10
1979-02-18,12.5,15,10
1979-02-19,11.5,17,6
1979-02-20,13.75,23,4.5
1979-02-21,15,24,6
1979-02-22,17,25,9
1979-02-23,16.75,25.5,8
1979-02-24,17.5,26.5,8.5
1979-02-25,12.25,17.5,7
1979-02-26,12,22,2
1979-02-27,14.75,26.5,3
1979-02-28,18,27,9
1979-03-01,16.75,25,8.5
1979-03-02,16.5,23,10
1979-03-03,15.75,22,9.5
1979-03-04,15.25,25.5,5
1979-03-05,13.25,19.5,7
1979-03-06,11.5,16.5,6.5
1979-03-07,14,21.5,6.5
1979-03-08,13.75,24,3.5
1979-03-09,16.5,28,5
1979-03-10,17.5,28,7
1979-03-11,11.25,13,9.5
1979-03-12,15.25,23,7.5
1979-03-13,18.5,29,8
1979-03-14,18.75,28.5,9
1979-03-15,15,22,8
1979-03-16,16.75,23,10.5
1979-03-17,17,23,11
1979-03-18,18.5,25,12
1979-03-19,17,24,10
1979-03-20,18.25,25,11.5
1979-03-21,20,27,13
1979-03-22,18.75,29,8.5
1979-03-23,20,30,10
1979-03-24,17.75,27,8.5
1979-03-25,15.5,21,10
1979-03-26,17.75,27,8.5
1979-03-27,19,28,10
1979-03-28,20,29,11
1979-03-29,20.5,29,12
1979-03-30,21.75,32,11.5
1979-03-31,22.5,32,13
1979-04-01,22.5,32,13
1979-04-02,20.5,30,11
1979-04-03,21.5,32,11
1979-04-04,20,28,12
1979-04-05,18,24,12
1979-04-06,19,27,11
1979-04-07,22.25,31,13.5
1979-04-08,23,33,13
1979-04-09,21.5,31,12
1979-04-10,21.5,31,12
1979-04-11,19.75,31,8.5
1979-04-12,19.5,29,10
1979-04-13,20,28,12
1979-04-14,21,27,15
1979-04-15,20.5,29,12
1979-04-16,21,28,14
1979-04-17,18,26,10
1979-04-18,19.75,27,12.5
1979-04-19,19.5,26,13
1979-04-20,17.5,24,11
1979-04-21,17.5,25,10
1979-04-22,16.25,21,11.5
1979-04-23,17.5,23,12
1979-04-24,18.5,26,11
1979-04-25,20.5,29,12
1979-04-26,25.25,32,18.5
1979-04-27,22,30,14
1979-04-28,21.75,28.5,15
1979-04-29,23.5,31.5,15.5
1979-04-30,22.25,29,15.5
1979-05-01,22.75,30,15.5
1979-05-02,25,32,18
1979-05-03,22.75,32,13.5
1979-05-04,22,31,13
1979-05-05,17.5,24,11
1979-05-06,17.25,26,8.5
1979-05-07,21,32,10
1979-05-08,22.75,32,13.5
1979-05-09,22,32,12
1979-05-10,22.5,32,13
1979-05-11,23.5,33,14
1979-05-12,20.25,27,13.5
1979-05-13,18,22,14
1979-05-14,19.25,26,12.5
1979-05-15,16.75,20,13.5
1979-05-16,18.5,24,13
1979-05-17,21.5,29,14
1979-05-18,22,30,14
1979-05-19,23.25,31.5,15
1979-05-20,22.5,31,14
1979-05-21,22.5,29,16
1979-05-22,23,31,15
1979-05-23,20,24,16
1979-05-24,21,27,15
1979-05-25,19.5,25,14
1979-05-26,19.25,27.5,11
1979-05-27,22,30,14
1979-05-28,22,30,14
1979-05-29,22.75,31,14.5
1979-05-30,23.5,32,15
1979-05-31,23.5,30,17
1979-06-01,22,29,15
1979-06-02,21.75,28,15.5
1979-06-03,19.25,25,13.5
1979-06-04,21,27,15
1979-06-05,21,25,17
1979-06-06,19.75,26.5,13
1979-06-07,23.5,31,16
1979-06-08,17,25,9
1979-06-09,21.75,28.5,15
1979-06-10,20,24,16
1979-06-11,20,26,14
1979-06-12,20.75,28,13.5
1979-06-13,20.5,28,13
1979-06-14,18,27,9
1979-06-15,18.25,28,8.5
1979-06-16,19.5,29,10
1979-06-17,24,30,18
1979-06-18,24,34,14
1979-06-19,24,33,15
1979-06-20,22.75,32,13.5
1979-06-21,22.75,31,14.5
1979-06-22,22.25,31,13.5
1979-06-23,23,31.5,14.5
1979-06-24,22.75,31,14.5
1979-06-25,20.5,28,13
1979-06-26,21.5,28,15
1979-06-27,20,25,15
1979-06-28,20.25,26,14.5
1979-06-29,21.5,29,14
1979-06-30,22,29,15
1979-07-01,22,30,14
1979-07-02,24,32,16
1979-07-03,21.75,30,13.5
1979-07-04,21,27,15
1979-07-05,23,29,17
1979-07-06,22,28,16
1979-07-07,22.25,29,15.5
1979-07-08,21.75,28,15.5
1979-07-09,22.25,30,14.5
1979-07-10,23.5,31,16
1979-07-11,21.75,30,13.5
1979-07-12,22.75,30,15.5
1979-07-13,23.25,30.5,16
1979-07-14,21.5,28,15
1979-07-15,22.25,30.5,14
1979-07-16,21.25,29,13.5
1979-07-17,22.75,30,15.5
1979-07-18,23.25,30.5,16
1979-07-19,20.5,27.5,13.5
1979-07-20,22.25,30,14.5
1979-07-21,21.5,29,14
1979-07-22,22,27,17
1979-07-23,22.5,29,16
1979-07-24,22,31,13
1979-07-25,24.5,31,18
1979-07-26,23,29,17
1979-07-27,19.5,24,15
1979-07-28,21.5,28,15
1979-07-29,19.5,26,13
1979-07-30,20,27,13
1979-07-31,21.5,28,15
1979-08-01,21.75,28.5,15
1979-08-02,21,29,13
1979-08-03,21,28,14
1979-08-04,21,28,14
1979-08-05,20.25,27,13.5
1979-08-06,21,26,16
1979-08-07,20.5,27,14
1979-08-08,20,27,13
1979-08-09,19.5,26,13
1979-08-10,19.25,25,13.5
1979-08-11,20.25,28,12.5
1979-08-12,20,26,14
1979-08-13,20.5,26,15
1979-08-14,19.5,25,14
1979-08-15,17,22,12
1979-08-16,17.5,24,11
1979-08-17,19.25,27,11.5
1979-08-18,19.75,27,12.5
1979-08-19,20.75,28,13.5
1979-08-20,19.5,25,14
1979-08-21,21.5,28,15
1979-08-22,22,29,15
1979-08-23,18.25,25,11.5
1979-08-24,18.75,27,10.5
1979-08-25,18,25,11
1979-08-26,19,26,12
1979-08-27,20.5,28,13
1979-08-28,19.25,25,13.5
1979-08-29,20.5,25,16
1979-08-30,21.5,27.5,15.5
1979-08-31,22,29,15
1979-09-01,21.5,28.5,14.5
1979-09-02,23.25,30.5,16
1979-09-03,22.5,28,17
1979-09-04,19.5,27,12
1979-09-05,22.25,27.5,17
1979-09-06,20,25,15
1979-09-07,18,24,12
1979-09-08,18,21,15
1979-09-09,19,24,14
1979-09-10,18.25,21,15.5
1979-09-11,19.5,23,16
1979-09-12,20,26,14
1979-09-13,21.25,27,15.5
1979-09-14,21.25,27.5,15
1979-09-15,17.25,23,11.5
1979-09-16,17,25,9
1979-09-17,17,26,8
1979-09-18,17,23,11
1979-09-19,20.75,28,13.5
1979-09-20,21,28,14
1979-09-21,19.25,25.5,13
1979-09-22,20.25,27,13.5
1979-09-23,19.25,27,11.5
1979-09-24,17.5,25,10
1979-09-25,16,24,8
1979-09-26,14.5,24,5
1979-09-27,16.5,27,6
1979-09-28,17.5,28,7
1979-09-29,18,28,8
1979-09-30,17.5,29,6
1979-10-01,17.75,28,7.5
1979-10-02,18,28,8
1979-10-03,14.5,19,10
1979-10-04,18.5,27,10
1979-10-05,19.5,29,10
1979-10-06,20.25,30,10.5
1979-10-07,20,28,12
1979-10-08,18.25,25,11.5
1979-10-09,20.25,30,10.5
1979-10-10,18.5,28,9
1979-10-11,19,29,9
1979-10-12,20.5,31,10
1979-10-13,20.75,30,11.5
1979-10-14,19.5,28,11
1979-10-15,21,30,12
1979-10-16,21,32,10
1979-10-17,21.75,31,12.5
1979-10-18,21.5,29,14
1979-10-19,21.5,31,12
1979-10-20,21.5,32,11
1979-10-21,21.5,33,10
1979-10-22,22.5,32,13
1979-10-23,17.5,26,9
1979-10-24,17,28,6
1979-10-25,17,28,6
1979-10-26,18.5,27,10
1979-10-27,22.5,36,9
1979-10-28,20,31,9
1979-10-29,18.5,26,11
1979-10-30,20,27,13
1979-10-31,17,26,8
1979-11-01,14,24,4
1979-11-02,16,24,8
1979-11-03,15.5,21,10
1979-11-04,14.75,20,9.5
1979-11-05,17,26,8
1979-11-06,14.5,21,8
1979-11-07,14,22,6
1979-11-08,17.5,27,8
1979-11-09,19,27,11
1979-11-10,17,26,8
1979-11-11,15.5,23,8
1979-11-12,16.5,24.5,8.5
1979-11-13,10.25,11.5,9
1979-11-14,9.25,12,6.5
1979-11-15,10.75,14.5,7
1979-11-16,11.5,15.5,7.5
1979-11-17,14.5,20,9
1979-11-18,17,25,9
1979-11-19,18,27.5,8.5
1979-11-20,18,26,10
1979-11-21,20,27,13
1979-11-22,17.5,22,13
1979-11-23,12.5,19,6
1979-11-24,13,25,1
1979-11-25,11.75,22.5,1
1979-11-26,13,24,2
1979-11-27,15.25,27,3.5
1979-11-28,15,24,6
1979-11-29,8.75,11.5,6
1979-11-30,8.25,14.5,2
1979-12-01,9.5,17,2
1979-12-02,7.5,11,4
1979-12-03,8.25,9.5,7
1979-12-04,11.5,16,7
1979-12-05,12.75,18,7.5
1979-12-06,13.25,20,6.5
1979-12-07,13,21,5
1979-12-08,17.75,29,6.5
1979-12-09,13,19,7
1979-12-10,16,21,11
1979-12-11,16,23,9
1979-12-12,16.5,23,10
1979-12-13,16,22.5,9.5
1979-12-14,14,16,12
1979-12-15,19,27.5,10.5
1979-12-16,15,21,9
1979-12-17,8.3,9.1,7.5
1979-12-18,11.5,18,5
1979-12-19,14.25,22,6.5
1979-12-20,16.5,25,8
1979-12-21,17.25,25,9.5
1979-12-22,17.75,25,10.5
1979-12-23,17,22.5,11.5
1979-12-24,9.5,12,7
1979-12-25,14,21,7
1979-12-26,14.25,23,5.5
1979-12-27,15.25,25,5.5
1979-12-28,14,24,4
1979-12-29,12.5,19,6
1979-12-30,15.25,21,9.5
1979-12-31,14,19,9
1980-01-01,13,19,7
1980-01-02,14,22,6
1980-01-03,10,14,6
1980-01-04,10.5,18,3
1980-01-05,10.75,20,1.5
1980-01-06,13,23,3
1980-01-07,11.5,19,4
1980-01-08,15,23,7
1980-01-09,14.75,24,5.5
1980-01-10,14.5,23,6
1980-01-11,15,22,8
1980-01-12,13.75,19.5,8
1980-01-13,15,24,6
1980-01-14,16.75,27,6.5
1980-01-15,17.75,28,7.5
1980-01-16,16.5,25,8
1980-01-17,14,19,9
1980-01-18,15,23,7
1980-01-19,16.75,24.5,9
1980-01-20,15.75,21,10.5
1980-01-21,16.75,22,11.5
1980-01-22,18.5,26,11
1980-01-23,8.5,9,8
1980-01-24,6,9.5,2.5
1980-01-25,9,14.5,3.5
1980-01-26,11,18,4
1980-01-27,11.75,19,4.5
1980-01-28,13.5,21,6
1980-01-29,15,22,8
1980-01-30,17,25,9
1980-01-31,13.75,20,7.5
1980-02-01,6.5,11,2
1980-02-02,13.5,21.5,5.5
1980-02-03,12,18,6
1980-02-04,12.75,23,2.5
1980-02-05,15.5,27,4
1980-02-06,13.5,19.5,7.5
1980-02-07,15,24,6
1980-02-08,16.25,25,7.5
1980-02-09,16.25,25,7.5
1980-02-10,12.75,19,6.5
1980-02-11,13,20,6
1980-02-12,8.75,11,6.5
1980-02-13,12.75,18,7.5
1980-02-14,14.75,22,7.5
1980-02-15,17,27,7
1980-02-16,17,25,9
1980-02-17,14.25,20,8.5
1980-02-18,14,24,4
1980-02-19,16.5,28,5
1980-02-20,17.5,28,7
1980-02-21,18,25,11
1980-02-22,17.25,27,7.5
1980-02-23,18.75,28.5,9
1980-02-24,17.25,25,9.5
1980-02-25,11.75,15,8.5
1980-02-26,9,14,4
1980-02-27,10,16,4
1980-02-28,14.25,22,6.5
1980-02-29,14.5,23,6
1980-03-01,16,25,7
1980-03-02,7,11,3
1980-03-03,14,24,4
1980-03-04,15.5,26,5
1980-03-05,18,27,9
1980-03-06,17.5,26,9
1980-03-07,19.25,30,8.5
1980-03-08,20,30,10
1980-03-09,21,30.5,11.5
1980-03-10,20.75,31,10.5
1980-03-11,20.75,30.5,11
1980-03-12,21.25,30,12.5
1980-03-13,19,27,11
1980-03-14,14.5,24,5
1980-03-15,17.75,29,6.5
1980-03-16,18.5,30,7
1980-03-17,20.25,29,11.5
1980-03-18,14,20,8
1980-03-19,18.25,28,8.5
1980-03-20,20,29,11
1980-03-21,19.5,28.5,10.5
1980-03-22,15.5,23,8
1980-03-23,20.25,30,10.5
1980-03-24,25,36,14
1980-03-25,20.5,29,12
1980-03-26,19.75,28,11.5
1980-03-27,20,27,13
1980-03-28,16.75,23,10.5
1980-03-29,18.75,29,8.5
1980-03-30,20.75,28,13.5
1980-03-31,15,22,8
1980-04-01,21,31,11
1980-04-02,21.5,29.5,13.5
1980-04-03,21.25,31.5,11
1980-04-04,22.5,31,14
1980-04-05,21.25,29,13.5
1980-04-06,20,30,10
1980-04-07,22.25,31,13.5
1980-04-08,17.5,21,14
1980-04-09,17.5,24,11
1980-04-10,18.75,29,8.5
1980-04-11,19.5,30,9
1980-04-12,19,30,8
1980-04-13,15,20,10
1980-04-14,14.25,22,6.5
1980-04-15,13.5,24,3
1980-04-16,16.75,29,4.5
1980-04-17,19.5,29,10
1980-04-18,18.25,25,11.5
1980-04-19,17.5,24,11
1980-04-20,16.75,24,9.5
1980-04-21,15,19,11
1980-04-22,18.5,25,12
1980-04-23,19.5,27,12
1980-04-24,19.5,28,11
1980-04-25,19.75,29,10.5
1980-04-26,14,25,3
1980-04-27,15.5,24,7
1980-04-28,17,26,8
1980-04-29,18,27,9
1980-04-30,19,25,13
1980-05-01,19.5,26,13
1980-05-02,20.5,29,12
1980-05-03,21.5,29,14
1980-05-04,22.5,30,15
1980-05-05,20,26,14
1980-05-06,21,28,14
1980-05-07,21.25,29,13.5
1980-05-08,20.75,28.5,13
1980-05-09,23,30,16
1980-05-10,22.5,31,14
1980-05-11,25,34,16
1980-05-12,24.5,32,17
1980-05-13,23.5,32,15
1980-05-14,24,30,18
1980-05-15,21.5,28,15
1980-05-16,21.25,32.5,10
1980-05-17,20,29,11
1980-05-18,26,34,18
1980-05-19,24,34,14
1980-05-20,23.5,32,15
1980-05-21,23.5,32,15
1980-05-22,22.75,31,14.5
1980-05-23,23,33,13
1980-05-24,24.5,34,15
1980-05-25,24.75,32.5,17
1980-05-26,24,34,14
1980-05-27,23,31,15
1980-05-28,24,32,16
1980-05-29,24.75,33,16.5
1980-05-30,26,34,18
1980-05-31,24.5,33,16
1980-06-01,25,35,15
1980-06-02,24,32,16
1980-06-03,23.5,32,15
1980-06-04,22.5,31,14
1980-06-05,22,31,13
1980-06-06,22.25,29,15.5
1980-06-07,22.75,31,14.5
1980-06-08,23.25,30,16.5
1980-06-09,21.5,29.5,13.5
1980-06-10,22.5,31,14
1980-06-11,24.75,32.5,17
1980-06-12,22.5,31,14
1980-06-13,22,29,15
1980-06-14,22.75,30,15.5
1980-06-15,22,31,13
1980-06-16,22,30,14
1980-06-17,22.25,31,13.5
1980-06-18,25,33,17
1980-06-19,24.25,32.5,16
1980-06-20,22.75,29,16.5
1980-06-21,22,31,13
1980-06-22,20.5,27,14
1980-06-23,22.5,33,12
1980-06-24,21.5,29,14
1980-06-25,20.75,28,13.5
1980-06-26,21.25,29.5,13
1980-06-27,22,30,14
1980-06-28,21,31,11
1980-06-29,20,28,12
1980-06-30,22.5,29,16
1980-07-01,23,32.5,13.5
1980-07-02,22,30,14
1980-07-03,22.75,31,14.5
1980-07-04,20.75,28,13.5
1980-07-05,22,30,14
1980-07-06,22,28.5,15.5
1980-07-07,22,28,16
1980-07-08,22,28,16
1980-07-09,21.5,29,14
1980-07-10,21.25,28,14.5
1980-07-11,22.5,31,14
1980-07-12,22.25,32,12.5
1980-07-13,22.75,30.5,15
1980-07-14,21.5,29,14
1980-07-15,20.75,28,13.5
1980-07-16,21.5,30.5,12.5
1980-07-17,22,31,13
1980-07-18,22.75,32,13.5
1980-07-19,22.5,31,14
1980-07-20,22.25,29,15.5
1980-07-21,21,27,15
1980-07-22,22.25,30,14.5
1980-07-23,21.5,26,17
1980-07-24,21.5,27,16
1980-07-25,22.5,31,14
1980-07-26,23.25,30.5,16
1980-07-27,23,29,17
1980-07-28,21.5,29,14
1980-07-29,21.25,27,15.5
1980-07-30,21,29,13
1980-07-31,20.5,28,13
1980-08-01,20,29,11
1980-08-02,22.25,31,13.5
1980-08-03,24.25,33,15.5
1980-08-04,24.5,33,16
1980-08-05,22,29,15
1980-08-06,22,29,15
1980-08-07,20.5,25,16
1980-08-08,22,28,16
1980-08-09,20.75,28,13.5
1980-08-10,21.5,26,17
1980-08-11,23,29,17
1980-08-12,21,26,16
1980-08-13,22.75,29,16.5
1980-08-14,23.25,31,15.5
1980-08-15,24.75,32,17.5
1980-08-16,22.5,28.5,16.5
1980-08-17,21.5,27,16
1980-08-18,20.25,26,14.5
1980-08-19,21.5,28,15
1980-08-20,19,24,14
1980-08-21,21.5,29,14
1980-08-22,21,29.5,12.5
1980-08-23,21.5,30,13
1980-08-24,21.5,29,14
1980-08-25,21.75,29,14.5
1980-08-26,21.75,30,13.5
1980-08-27,22,30,14
1980-08-28,21,28,14
1980-08-29,22.25,30.5,14
1980-08-30,21.75,27.5,16
1980-08-31,22,28,16
1980-09-01,21.5,29,14
1980-09-02,21,27,15
1980-09-03,20.5,27,14
1980-09-04,21.5,28,15
1980-09-05,21,27,15
1980-09-06,22.25,29,15.5
1980-09-07,22.5,30,15
1980-09-08,23.25,31,15.5
1980-09-09,22.25,29,15.5
1980-09-10,22,28,16
1980-09-11,21,27,15
1980-09-12,21,28,14
1980-09-13,20.5,26,15
1980-09-14,19.25,26,12.5
1980-09-15,21.25,29,13.5
1980-09-16,23,30,16
1980-09-17,21.75,31,12.5
1980-09-18,21.75,30,13.5
1980-09-19,22,29,15
1980-09-20,18.25,22.5,14
1980-09-21,22.5,29,16
1980-09-22,21,30,12
1980-09-23,20.5,28,13
1980-09-24,21.25,30,12.5
1980-09-25,20.5,27,14
1980-09-26,21,26,16
1980-09-27,21,26,16
1980-09-28,20.5,26,15
1980-09-29,20.5,28,13
1980-09-30,22,30,14
1980-10-01,21.25,26,16.5
1980-10-02,20,27,13
1980-10-03,16.75,26,7.5
1980-10-04,21.5,30,13
1980-10-05,22.5,29,16
1980-10-06,18,26,10
1980-10-07,14.5,25,4
1980-10-08,17.5,27,8
1980-10-09,15.25,22,8.5
1980-10-10,21.25,27.5,15
1980-10-11,18.25,25.5,11
1980-10-12,19.25,25,13.5
1980-10-13,19.5,27,12
1980-10-14,20.25,28,12.5
1980-10-15,20.75,28,13.5
1980-10-16,21.5,29,14
1980-10-17,20.5,31,10
1980-10-18,22.5,31,14
1980-10-19,21.5,27,16
1980-10-20,17.5,21,14
1980-10-21,17.5,23,12
1980-10-22,18.25,23,13.5
1980-10-23,19.5,26,13
1980-10-24,22.5,31,14
1980-10-25,16.5,21,12
1980-10-26,14.75,17,12.5
1980-10-27,19,24,14
1980-10-28,20,27,13
1980-10-29,10.75,11,10.5
1980-10-30,7.75,10,5.5
1980-10-31,10,14,6
1980-11-01,15.75,22.5,9
1980-11-02,17.75,26,9.5
1980-11-03,18.5,26,11
1980-11-04,16.5,24,9
1980-11-05,16.75,23,10.5
1980-11-06,16.25,22,10.5
1980-11-07,16,25,7
1980-11-08,17,26,8
1980-11-09,17,26,8
1980-11-10,17,25,9
1980-11-11,18.5,29,8
1980-11-12,16.5,24,9
1980-11-13,15,23,7
1980-11-14,16.5,27,6
1980-11-15,17.75,23.5,12
1980-11-16,19.5,25,14
1980-11-17,17,23,11
1980-11-18,11,17,5
1980-11-19,10,16,4
1980-11-20,11,18,4
1980-11-21,10,12,8
1980-11-22,14.5,19.5,9.5
1980-11-23,14.5,22,7
1980-11-24,14.5,20,9
1980-11-25,16.25,23,9.5
1980-11-26,12.5,17,8
1980-11-27,11.75,18,5.5
1980-11-28,12.75,21,4.5
1980-11-29,13.25,23,3.5
1980-11-30,15,23,7
1980-12-01,15.5,24,7
1980-12-02,16.25,24.5,8
1980-12-03,8.25,13,3.5
1980-12-04,15.5,21,10
1980-12-05,17.75,24,11.5
1980-12-06,18,24,12
1980-12-07,17.25,21,13.5
1980-12-08,18.75,24,13.5
1980-12-09,17.75,23,12.5
1980-12-10,14,15,13
1980-12-11,10,14,6
1980-12-12,12.25,18,6.5
1980-12-13,15.5,23,8
1980-12-14,13.5,17,10
1980-12-15,14,20,8
1980-12-16,14,20,8
1980-12-17,12.5,21,4
1980-12-18,13.5,23,4
1980-12-19,14.5,24,5
1980-12-20,10.5,17,4
1980-12-21,9.5,13,6
1980-12-22,12.75,18,7.5
1980-12-23,15,23,7
1980-12-24,11.75,13.5,10
1980-12-25,13.25,19.5,7
1980-12-26,12.25,19,5.5
1980-12-27,14,21.5,6.5
1980-12-28,13.5,22,5
1980-12-29,14.5,23,6
1980-12-30,9.75,16,3.5
1980-12-31,12.75,19,6.5
1981-01-01,11.75,19.5,4
1981-01-02,10,16,4
1981-01-03,11,22,0
1981-01-04,10,18,2
1981-01-05,10.25,17,3.5
1981-01-06,13.75,22,5.5
1981-01-07,10.5,15,6
1981-01-08,15.5,22.5,8.5
1981-01-09,13.25,19,7.5
1981-01-10,12.25,17,7.5
1981-01-11,13,17,9
1981-01-12,8.75,11,6.5
1981-01-13,9.75,15.5,4
1981-01-14,11.5,19,4
1981-01-15,9.25,14,4.5
1981-01-16,8.25,9.5,7
1981-01-17,6,8,4
1981-01-18,6,8,4
1981-01-19,10.25,15,5.5
1981-01-20,10.5,17,4
1981-01-21,7.75,11,4.5
1981-01-22,3.55,4.1,3
1981-01-23,5,11,-1
1981-01-24,10.5,18,3
1981-01-25,12,22,2
1981-01-26,13.25,22,4.5
1981-01-27,11.5,16.5,6.5
1981-01-28,11,19,3
1981-01-29,10.75,18,3.5
1981-01-30,11.5,19,4
1981-01-31,12.5,20,5
1981-02-01,17,26.5,7.5
1981-02-02,9,14,4
1981-02-03,6.25,9,3.5
1981-02-04,13.5,23,4
1981-02-05,15.5,25,6
1981-02-06,16,23,9
1981-02-07,17.25,26.5,8
1981-02-08,17.3,26,8.6
1981-02-09,17.5,27,8
1981-02-10,17.25,24.5,10
1981-02-11,12.25,17,7.5
1981-02-12,7.5,13,2
1981-02-13,8.75,14.5,3
1981-02-14,9,13,5
1981-02-15,11.5,16,7
1981-02-16,12.75,19,6.5
1981-02-17,14.5,21,8
1981-02-18,15.75,23,8.5
1981-02-19,16.5,24,9
1981-02-20,17.25,24,10.5
1981-02-21,19,27,11
1981-02-22,13.25,16,10.5
1981-02-23,12.25,18,6.5
1981-02-24,14.5,23,6
1981-02-25,16,24,8
1981-02-26,17.5,25,10
1981-02-27,16.5,25,8
1981-02-28,19,27,11
1981-03-01,18.75,26.5,11
1981-03-02,18,25,11
1981-03-03,18.5,25,12
1981-03-04,19.75,25.5,14
1981-03-05,16.5,24,9
1981-03-06,15.25,22,8.5
1981-03-07,15,20,10
1981-03-08,13.5,18,9
1981-03-09,13,19,7
1981-03-10,13.75,20,7.5
1981-03-11,14.25,20,8.5
1981-03-12,17.5,24,11
1981-03-13,16.5,25,8
1981-03-14,16.25,25.5,7
1981-03-15,16.75,25,8.5
1981-03-16,12.75,16,9.5
1981-03-17,15.75,23,8.5
1981-03-18,16,25.5,6.5
1981-03-19,15.25,23,7.5
1981-03-20,17,27,7
1981-03-21,18.25,28.5,8
1981-03-22,18,26,10
1981-03-23,14.25,20,8.5
1981-03-24,14.75,22,7.5
1981-03-25,17.25,26,8.5
1981-03-26,17.25,25,9.5
1981-03-27,17.5,28,7
1981-03-28,17.25,26.5,8
1981-03-29,20.5,28,13
1981-03-30,20.5,30,11
1981-03-31,22,33,11
1981-04-01,20.75,29,12.5
1981-04-02,19.25,25,13.5
1981-04-03,21,32,10
1981-04-04,19.5,33,6
1981-04-05,17.25,27,7.5
1981-04-06,14.75,24,5.5
1981-04-07,18.5,28,9
1981-04-08,21,31,11
1981-04-09,21,29,13
1981-04-10,18.25,27,9.5
1981-04-11,19.75,27,12.5
1981-04-12,20,27,13
1981-04-13,20.5,28,13
1981-04-14,16.25,21,11.5
1981-04-15,17.25,22,12.5
1981-04-16,15.75,20,11.5
1981-04-17,17.25,23,11.5
1981-04-18,18.5,25,12
1981-04-19,20.5,28,13
1981-04-20,20,28,12
1981-04-21,20.75,28,13.5
1981-04-22,19,26,12
1981-04-23,21,28,14
1981-04-24,20,27,13
1981-04-25,19.5,25,14
1981-04-26,20.75,28,13.5
1981-04-27,21.75,29,14.5
1981-04-28,21.25,27,15.5
1981-04-29,19.5,25,14
1981-04-30,21,29,13
1981-05-01,20.75,27,14.5
1981-05-02,17.25,20.5,14
1981-05-03,15.5,21,10
1981-05-04,17.5,26,9
1981-05-05,20.25,28,12.5
1981-05-06,20.75,28,13.5
1981-05-07,20,24,16
1981-05-08,22.75,30,15.5
1981-05-09,23,30,16
1981-05-10,18.5,23,14
1981-05-11,15,22,8
1981-05-12,20,30,10
1981-05-13,23,32,14
1981-05-14,21.5,31,12
1981-05-15,23,31.5,14.5
1981-05-16,22.5,31,14
1981-05-17,24,33,15
1981-05-18,24.25,33,15.5
1981-05-19,22.25,29,15.5
1981-05-20,19.5,26,13
1981-05-21,16.75,21,12.5
1981-05-22,19.25,27,11.5
1981-05-23,20.25,27,13.5
1981-05-24,20.5,29,12
1981-05-25,22.5,29,16
1981-05-26,22.75,30,15.5
1981-05-27,21.75,31,12.5
1981-05-28,21.5,29,14
1981-05-29,23.25,31,15.5
1981-05-30,23.25,30.5,16
1981-05-31,21.5,28,15
1981-06-01,24.5,30,19
1981-06-02,23.5,29,18
1981-06-03,23,30,16
1981-06-04,26.5,39,14
1981-06-05,22.5,29,16
1981-06-06,24.5,31,18
1981-06-07,23.75,30,17.5
1981-06-08,23.5,31,16
1981-06-09,25,32,18
1981-06-10,26,33,19
1981-06-11,24.75,32,17.5
1981-06-12,24.5,34,15
1981-06-13,23.75,30,17.5
1981-06-14,22.5,29,16
1981-06-15,21.5,27,16
1981-06-16,21.5,26,17
1981-06-17,20.5,26,15
1981-06-18,16.75,20,13.5
1981-06-19,18.5,27,10
1981-06-20,20.5,26,15
1981-06-21,20.5,29,12
1981-06-22,23.5,31,16
1981-06-23,22.25,28,16.5
1981-06-24,23.75,28.5,19
1981-06-25,19.75,24,15.5
1981-06-26,17.5,20,15
1981-06-27,20.5,25,16
1981-06-28,20.25,26,14.5
1981-06-29,21,27,15
1981-06-30,20.75,27.5,14
1981-07-01,20.75,26.5,15
1981-07-02,21,29,13
1981-07-03,23.25,30,16.5
1981-07-04,21.5,28,15
1981-07-05,22.75,31.5,14
1981-07-06,22,28,16
1981-07-07,20.25,25,15.5
1981-07-08,20.5,26,15
1981-07-09,19.25,24,14.5
1981-07-10,19.25,23.5,15
1981-07-11,21,29,13
1981-07-12,20,26,14
1981-07-13,20.5,25.5,15.5
1981-07-14,19.5,25,14
1981-07-15,20.5,28,13
1981-07-16,20.25,28.5,12
1981-07-17,22,29,15
1981-07-18,21,29,13
1981-07-19,22.5,31,14
1981-07-20,22,30.5,13.5
1981-07-21,21.5,29,14
1981-07-22,23,30,16
1981-07-23,21,29,13
1981-07-24,22,30,14
1981-07-25,21.25,29,13.5
1981-07-26,24,31.5,16.5
1981-07-27,21.75,28,15.5
1981-07-28,20,25,15
1981-07-29,20.75,28.5,13
1981-07-30,20.75,29,12.5
1981-07-31,23,32,14
1981-08-01,21.5,29.5,13.5
1981-08-02,20.5,30,11
1981-08-03,21,30,12
1981-08-04,22.5,31,14
1981-08-05,21,28,14
1981-08-06,21.5,31,12
1981-08-07,21.75,32,11.5
1981-08-08,20,28,12
1981-08-09,20.5,27.5,13.5
1981-08-10,21.5,29,14
1981-08-11,21.5,30,13
1981-08-12,21.5,29,14
1981-08-13,20.75,28,13.5
1981-08-14,20.75,26,15.5
1981-08-15,22.75,30.5,15
1981-08-16,22.75,30.5,15
1981-08-17,22.5,31,14
1981-08-18,23.5,32,15
1981-08-19,21.5,29,14
1981-08-20,21.75,28.5,15
1981-08-21,20,27,13
1981-08-22,21,27.5,14.5
1981-08-23,21.5,28,15
1981-08-24,19.5,24,15
1981-08-25,18.75,23.5,14
1981-08-26,20.5,27.5,13.5
1981-08-27,20.25,28.5,12
1981-08-28,19.5,25,14
1981-08-29,20,26,14
1981-08-30,22.5,28,17
1981-08-31,24.5,32,17
1981-09-01,24.75,31,18.5
1981-09-02,22.75,29,16.5
1981-09-03,21.5,28,15
1981-09-04,22,28,16
1981-09-05,20.75,26,15.5
1981-09-06,21.25,27,15.5
1981-09-07,21.5,29,14
1981-09-08,22,29,15
1981-09-09,20,26,14
1981-09-10,22,29,15
1981-09-11,23.25,30,16.5
1981-09-12,22,29,15
1981-09-13,21.5,29,14
1981-09-14,23,31,15
1981-09-15,22.25,29,15.5
1981-09-16,21,27,15
1981-09-17,17.75,22,13.5
1981-09-18,17,23,11
1981-09-19,17,25,9
1981-09-20,18.5,28,9
1981-09-21,20.75,30,11.5
1981-09-22,22.25,31,13.5
1981-09-23,22.25,29,15.5
1981-09-24,19.75,26,13.5
1981-09-25,21.5,28,15
1981-09-26,21.75,31,12.5
1981-09-27,20.5,29,12
1981-09-28,18.5,24,13
1981-09-29,18.25,25,11.5
1981-09-30,21.5,29,14
1981-10-01,20.5,27,14
1981-10-02,20.5,28,13
1981-10-03,19,26,12
1981-10-04,18.75,27,10.5
1981-10-05,19.5,28,11
1981-10-06,20.5,27,14
1981-10-07,20.5,28,13
1981-10-08,22.25,29,15.5
1981-10-09,23.5,31,16
1981-10-10,19.75,24.5,15
1981-10-11,19.5,26,13
1981-10-12,20.25,28,12.5
1981-10-13,22,30,14
1981-10-14,22.5,29,16
1981-10-15,19.75,28,11.5
1981-10-16,19.75,29,10.5
1981-10-17,21,30,12
1981-10-18,20.75,27.5,14
1981-10-19,15.25,20.5,10
1981-10-20,18,25,11
1981-10-21,19.5,27.5,11.5
1981-10-22,21,29,13
1981-10-23,18.75,24,13.5
1981-10-24,15.25,20,10.5
1981-10-25,18.5,25,12
1981-10-26,20.75,28,13.5
1981-10-27,17.25,26,8.5
1981-10-28,16.25,25,7.5
1981-10-29,18.5,28,9
1981-10-30,18.5,27,10
1981-10-31,21.5,29,14
1981-11-01,17.25,24,10.5
1981-11-02,16.25,23.5,9
1981-11-03,15,23,7
1981-11-04,16.75,26,7.5
1981-11-05,18,28,8
1981-11-06,17,25,9
1981-11-07,16.25,24,8.5
1981-11-08,18.5,27,10
1981-11-09,16.75,22,11.5
1981-11-10,14.5,20,9
1981-11-11,13.25,21,5.5
1981-11-12,15.5,23,8
1981-11-13,15.5,22,9
1981-11-14,16.25,24,8.5
1981-11-15,16,26.5,5.5
1981-11-16,18.25,28,8.5
1981-11-17,19.5,29,10
1981-11-18,19,30,8
1981-11-19,17.5,28,7
1981-11-20,15.5,19,12
1981-11-21,12.5,22,3
1981-11-22,18.5,28,9
1981-11-23,16.75,27,6.5
1981-11-24,17.5,29.5,5.5
1981-11-25,16.5,28,5
1981-11-26,16.25,26.5,6
1981-11-27,17.5,27,8
1981-11-28,21.5,28,15
1981-11-29,18.75,29,8.5
1981-11-30,18,28,8
1981-12-01,17,25,9
1981-12-02,16.5,26,7
1981-12-03,17.5,25,10
1981-12-04,16.25,24,8.5
1981-12-05,17.25,25,9.5
1981-12-06,15.5,22,9
1981-12-07,16.5,23,10
1981-12-08,14,21,7
1981-12-09,12.75,19,6.5
1981-12-10,12.5,20,5
1981-12-11,14.25,24,4.5
1981-12-12,16.5,26,7
1981-12-13,16.25,25,7.5
1981-12-14,15.75,24,7.5
1981-12-15,14.5,22,7
1981-12-16,14.5,24,5
1981-12-17,14.5,23,6
1981-12-18,12,16,8
1981-12-19,13,19,7
1981-12-20,14.25,24.5,4
1981-12-21,16.5,27,6
1981-12-22,19,29,9
1981-12-23,19.25,22,16.5
1981-12-24,11.75,18.5,5
1981-12-25,17.25,26,8.5
1981-12-26,17.25,24.5,10
1981-12-27,16,26,6
1981-12-28,15.25,24,6.5
1981-12-29,15.25,23,7.5
1981-12-30,14.5,21,8
1981-12-31,15.5,25,6
1982-01-01,17.5,26,9
1982-01-02,17.25,27.5,7
1982-01-03,16.75,26,7.5
1982-01-04,13.5,19,8
1982-01-05,15,26,4
1982-01-06,17.25,27.5,7
1982-01-07,17.25,26,8.5
1982-01-08,13.75,20,7.5
1982-01-09,17,25,9
1982-01-10,16.75,26,7.5
1982-01-11,14,19,9
1982-01-12,13.75,22.5,5
1982-01-13,15,23,7
1982-01-14,9.5,17,2
1982-01-15,13.75,26.5,1
1982-01-16,16,28,4
1982-01-17,12.5,20,5
1982-01-18,16.75,27.5,6
1982-01-19,18.25,29,7.5
1982-01-20,17.25,29.5,5
1982-01-21,18.5,28,9
1982-01-22,18.25,26,10.5
1982-01-23,18.25,27.5,9
1982-01-24,15.75,26,5.5
1982-01-25,16.5,25,8
1982-01-26,15.5,22,9
1982-01-27,15,26.5,3.5
1982-01-28,16.75,27,6.5
1982-01-29,15,25,5
1982-01-30,16.25,24.5,8
1982-01-31,14.75,26,3.5
1982-02-01,12,23,1
1982-02-02,14,24,4
1982-02-03,12.5,21.5,3.5
1982-02-04,14.5,24,5
1982-02-05,15,26,4
1982-02-06,14,22,6
1982-02-07,13.75,19.5,8
1982-02-08,17.5,29,6
1982-02-09,19,28,10
1982-02-10,14.25,21,7.5
1982-02-11,17.25,29,5.5
1982-02-12,19,30.5,7.5
1982-02-13,12,17,7
1982-02-14,16,24.5,7.5
1982-02-15,16.25,26,6.5
1982-02-16,17.5,27,8
1982-02-17,18.25,29.5,7
1982-02-18,18,28,8
1982-02-19,17,25,9
1982-02-20,19,27,11
1982-02-21,19.25,26.5,12
1982-02-22,16.3,23,9.6
1982-02-23,19.25,29,9.5
1982-02-24,19.5,30,9
1982-02-25,18.5,26,11
1982-02-26,16.75,22,11.5
1982-02-27,14.5,23.5,5.5
1982-02-28,17.25,25,9.5
1982-03-01,12.75,20,5.5
1982-03-02,15.75,23.5,8
1982-03-03,17.25,28,6.5
1982-03-04,18.5,29,8
1982-03-05,18.5,27,10
1982-03-06,19.25,29.5,9
1982-03-07,7.5,10.5,4.5
1982-03-08,12.5,24,1
1982-03-09,16.25,29.5,3
1982-03-10,18.5,31,6
1982-03-11,18.5,29,8
1982-03-12,19.5,32,7
1982-03-13,21,33,9
1982-03-14,21.5,32,11
1982-03-15,22.75,33.5,12
1982-03-16,23.5,34,13
1982-03-17,23.75,33.5,14
1982-03-18,20.5,31,10
1982-03-19,21.75,32.5,11
1982-03-20,22,34,10
1982-03-21,21.25,31,11.5
1982-03-22,20.75,29.5,12
1982-03-23,21,28,14
1982-03-24,21.75,30.5,13
1982-03-25,20.25,29.5,11
1982-03-26,16.5,24,9
1982-03-27,20.75,30.5,11
1982-03-28,20,28,12
1982-03-29,21.75,32.5,11
1982-03-30,22.75,34,11.5
1982-03-31,23.5,35,12
1982-04-01,19.5,26,13
1982-04-02,18.5,24,13
1982-04-03,19.75,26,13.5
1982-04-04,21.5,29,14
1982-04-05,22,28,16
1982-04-06,21.75,29,14.5
1982-04-07,19.75,24,15.5
1982-04-08,19,25,13
1982-04-09,21,28,14
1982-04-10,22.75,30,15.5
1982-04-11,23,31,15
1982-04-12,22.5,29,16
1982-04-13,22,27,17
1982-04-14,23,30,16
1982-04-15,21.75,29,14.5
1982-04-16,21.5,28,15
1982-04-17,20,26,14
1982-04-18,20.25,27,13.5
1982-04-19,21,28,14
1982-04-20,21.5,27,16
1982-04-21,15.75,19,12.5
1982-04-22,19.5,25,14
1982-04-23,20.5,25.5,15.5
1982-04-24,22,28,16
1982-04-25,23.5,30,17
1982-04-26,23.5,29,18
1982-04-27,21.5,26,17
1982-04-28,22.5,29,16
1982-04-29,22.5,31,14
1982-04-30,25.25,32.5,18
1982-05-01,18,25,11
1982-05-02,18.25,23,13.5
1982-05-03,19.25,26,12.5
1982-05-04,21,29,13
1982-05-05,22.75,30,15.5
1982-05-06,22.25,30,14.5
1982-05-07,19.5,24,15
1982-05-08,18.75,24,13.5
1982-05-09,21,27.5,14.5
1982-05-10,22.25,29.5,15
1982-05-11,22.75,31.5,14
1982-05-12,22.25,29,15.5
1982-05-13,23.5,31,16
1982-05-14,22.75,31.5,14
1982-05-15,22.25,30,14.5
1982-05-16,21.5,28,15
1982-05-17,19.75,25,14.5
1982-05-18,20.25,27,13.5
1982-05-19,21.25,28,14.5
1982-05-20,20,27,13
1982-05-21,19.25,26.5,12
1982-05-22,21.25,27.5,15
1982-05-23,21.25,28.5,14
1982-05-24,21.75,28.5,15
1982-05-25,22.5,29,16
1982-05-26,22.25,30,14.5
1982-05-27,23.25,31,15.5
1982-05-28,24.25,33.5,15
1982-05-29,23.5,31.5,15.5
1982-05-30,24.75,32.5,17
1982-05-31,25.75,34,17.5
1982-06-01,22.5,31,14
1982-06-02,25,35,15
1982-06-03,26.5,36,17
1982-06-04,22,30,14
1982-06-05,24.5,33,16
1982-06-06,23,31,15
1982-06-07,22.75,31.5,14
1982-06-08,24,33,15
1982-06-09,25.5,34,17
1982-06-10,22,30,14
1982-06-11,22.5,32,13
1982-06-12,25,36,14
1982-06-13,21.5,30,13
1982-06-14,23.5,31,16
1982-06-15,24.25,33.5,15
1982-06-16,25.5,34,17
1982-06-17,24.5,33,16
1982-06-18,26,35,17
1982-06-19,24.5,35,14
1982-06-20,23,31,15
1982-06-21,23,32,14
1982-06-22,23,31,15
1982-06-23,22,30,14
1982-06-24,23,31,15
1982-06-25,23,32,14
1982-06-26,21.5,30,13
1982-06-27,23.75,31.5,16
1982-06-28,23,31,15
1982-06-29,22,30,14
1982-06-30,23.25,31.5,15
1982-07-01,20.25,26.5,14
1982-07-02,18.5,27,10
1982-07-03,22,30,14
1982-07-04,21.25,29.5,13
1982-07-05,22.5,31,14
1982-07-06,21.5,30,13
1982-07-07,22.5,31,14
1982-07-08,22,32,12
1982-07-09,22,31,13
1982-07-10,23,32,14
1982-07-11,23,33,13
1982-07-12,22.5,31,14
1982-07-13,21.5,30,13
1982-07-14,22,29,15
1982-07-15,20.75,28.5,13
1982-07-16,20.5,29,12
1982-07-17,21,28,14
1982-07-18,21.5,30,13
1982-07-19,19.75,28,11.5
1982-07-20,20,29,11
1982-07-21,19.5,27,12
1982-07-22,20.5,28,13
1982-07-23,20.5,29,12
1982-07-24,19.75,26.5,13
1982-07-25,21.5,29,14
1982-07-26,21.5,28,15
1982-07-27,21.5,30,13
1982-07-28,21.5,31,12
1982-07-29,22,30,14
1982-07-30,21.75,31,12.5
1982-07-31,21,29,13
1982-08-01,22,30,14
1982-08-02,22,31,13
1982-08-03,21,28,14
1982-08-04,21,29,13
1982-08-05,22,30,14
1982-08-06,20.5,29.5,11.5
1982-08-07,21.75,30,13.5
1982-08-08,21.75,29.5,14
1982-08-09,19.75,26,13.5
1982-08-10,22,30,14
1982-08-11,23.25,31.5,15
1982-08-12,22.75,32,13.5
1982-08-13,21.75,29.5,14
1982-08-14,22.75,31,14.5
1982-08-15,22.5,32,13
1982-08-16,22.75,31.5,14
1982-08-17,23.5,32,15
1982-08-18,22.5,29,16
1982-08-19,21.5,28,15
1982-08-20,21.25,29.5,13
1982-08-21,20,28,12
1982-08-22,20.75,28.5,13
1982-08-23,19,27,11
1982-08-24,21,29,13
1982-08-25,22.5,30,15
1982-08-26,21.5,31,12
1982-08-27,23,32,14
1982-08-28,23,31,15
1982-08-29,21,29,13
1982-08-30,21.5,28,15
1982-08-31,21.5,29,14
1982-09-01,22,31,13
1982-09-02,23,32,14
1982-09-03,23,31,15
1982-09-04,22.75,32.5,13
1982-09-05,21,28,14
1982-09-06,22,29,15
1982-09-07,21.25,28.5,14
1982-09-08,21,27,15
1982-09-09,20.5,28,13
1982-09-10,22,30,14
1982-09-11,22,31,13
1982-09-12,22,30,14
1982-09-13,23.25,31.5,15
1982-09-14,20.5,28,13
1982-09-15,19.5,27,12
1982-09-16,20.75,28,13.5
1982-09-17,20.5,29,12
1982-09-18,20.5,28,13
1982-09-19,20.5,27,14
1982-09-20,20.5,28,13
1982-09-21,20,26,14
1982-09-22,20.5,28,13
1982-09-23,20,26,14
1982-09-24,20.25,29,11.5
1982-09-25,21,30,12
1982-09-26,18.5,27.5,9.5
1982-09-27,21,31,11
1982-09-28,22,32,12
1982-09-29,23,31,15
1982-09-30,21,30,12
1982-10-01,22,31,13
1982-10-02,19.5,28,11
1982-10-03,19.5,27,12
1982-10-04,21.25,29.5,13
1982-10-05,21,28,14
1982-10-06,21.5,30,13
1982-10-07,21.25,28.5,14
1982-10-08,22,29,15
1982-10-09,22.5,28,17
1982-10-10,20,27,13
1982-10-11,19.75,28,11.5
1982-10-12,19.5,25,14
1982-10-13,18.5,24,13
1982-10-14,16.5,21,12
1982-10-15,17.5,24,11
1982-10-16,18.5,25,12
1982-10-17,17,26,8
1982-10-18,18,27,9
1982-10-19,19.5,28,11
1982-10-20,18,24,12
1982-10-21,19,25,13
1982-10-22,17,24,10
1982-10-23,17.25,23,11.5
1982-10-24,15.5,22,9
1982-10-25,16.5,23,10
1982-10-26,17,25,9
1982-10-27,15.75,24,7.5
1982-10-28,18,28,8
1982-10-29,17,27,7
1982-10-30,19.75,29,10.5
1982-10-31,19,28,10
1982-11-01,19,28,10
1982-11-02,18.5,26,11
1982-11-03,12.5,20,5
1982-11-04,11,18,4
1982-11-05,12,19,5
1982-11-06,11,21,1
1982-11-07,13.5,22,5
1982-11-08,12.25,23,1.5
1982-11-09,14.5,25,4
1982-11-10,14,23,5
1982-11-11,15.5,24,7
1982-11-12,18,28,8
1982-11-13,13,20,6
1982-11-14,18.5,28,9
1982-11-15,13.75,19,8.5
1982-11-16,16.5,25,8
1982-11-17,18,26,10
1982-11-18,19,27,11
1982-11-19,18.5,25,12
1982-11-20,18,27,9
1982-11-21,18,26,10
1982-11-22,17.75,25,10.5
1982-11-23,18.5,26,11
1982-11-24,16.5,21,12
1982-11-25,14.5,19,10
1982-11-26,16,21,11
1982-11-27,16.25,22.5,10
1982-11-28,15,23,7
1982-11-29,16.5,24,9
1982-11-30,15.75,23.5,8
1982-12-01,16.5,25,8
1982-12-02,17.5,26,9
1982-12-03,14.5,23,6
1982-12-04,12.5,20,5
1982-12-05,12.25,20.5,4
1982-12-06,12.25,19.5,5
1982-12-07,14,20,8
1982-12-08,12.5,19,6
1982-12-09,11.5,18,5
1982-12-10,14.5,22,7
1982-12-11,18.5,25,12
1982-12-12,9,10,8
1982-12-13,10,14,6
1982-12-14,12.75,20,5.5
1982-12-15,14,21,7
1982-12-16,11.5,20,3
1982-12-17,12,21,3
1982-12-18,14.5,25,4
1982-12-19,17.5,29,6
1982-12-20,11,21,1
1982-12-21,13.25,24,2.5
1982-12-22,13.5,23,4
1982-12-23,14,24,4
1982-12-24,15.25,25,5.5
1982-12-25,14.25,22,6.5
1982-12-26,14.75,22.5,7
1982-12-27,15.5,25,6
1982-12-28,13,22,4
1982-12-29,11,14,8
1982-12-30,12,17,7
1982-12-31,10.75,14,7.5
