Estación: ,C19156,LAS PRESITAS. CHINA
Variable: ,Precipitación (mm)
Longitud: ,98° 44' 00'',Latitud:,25° 30' 00

Fecha,Valor,NúmDatos
1981-01-01,0,CLIC
1981-01-02,0,CLIC
1981-01-03,0,CLIC
1981-01-04,0,CLIC
1981-01-05,0,CLIC
1981-01-06,0,CLIC
1981-01-07,0,CLIC
1981-01-08,0,CLIC
1981-01-09,11,CLIC
1981-01-10,4.5,CLIC
1981-01-11,3.2,CLIC
1981-01-12,8.5,CLIC
1981-01-13,2,CLIC
1981-01-14,0,CLIC
1981-01-15,0,CLIC
1981-01-16,6.5,CLIC
1981-01-17,9,CLIC
1981-01-18,14.5,CLIC
1981-01-19,0.5,CLIC
1981-01-20,0,CLIC
1981-01-21,0,CLIC
1981-01-22,7,CLIC
1981-01-23,10.5,CLIC
1981-01-24,0,CLIC
1981-01-25,0,CLIC
1981-01-26,0,CLIC
1981-01-27,0.3,CLIC
1981-01-28,0,CLIC
1981-01-29,0,CLIC
1981-01-30,0,CLIC
1981-01-31,0,CLIC
1981-02-01,0,CLIC
1981-02-02,0,CLIC
1981-02-03,0,CLIC
1981-02-04,0,CLIC
1981-02-05,0,CLIC
1981-02-06,0,CLIC
1981-02-07,0,CLIC
1981-02-08,0,CLIC
1981-02-09,0,CLIC
1981-02-10,0,CLIC
1981-02-11,0,CLIC
1981-02-12,0,CLIC
1981-02-13,4,CLIC
1981-02-14,1,CLIC
1981-02-15,0,CLIC
1981-02-16,0.5,CLIC
1981-02-17,0.5,CLIC
1981-02-18,0,CLIC
1981-02-19,0,CLIC
1981-02-20,0,CLIC
1981-02-21,0,CLIC
1981-02-22,0,CLIC
1981-02-23,0,CLIC
1981-02-24,0,CLIC
1981-02-25,0,CLIC
1981-02-26,0,CLIC
1981-02-27,0,CLIC
1981-02-28,0,CLIC
1981-03-01,0,CLIC
1981-03-02,0,CLIC
1981-03-03,0,CLIC
1981-03-04,0,CLIC
1981-03-05,0,CLIC
1981-03-06,0,CLIC
1981-03-07,0,CLIC
1981-03-08,0,CLIC
1981-03-09,5,CLIC
1981-03-10,18,CLIC
1981-03-11,1,CLIC
1981-03-12,0,CLIC
1981-03-13,0,CLIC
1981-03-14,0,CLIC
1981-03-15,0,CLIC
1981-03-16,0,CLIC
1981-03-17,0,CLIC
1981-03-18,0,CLIC
1981-03-19,0,CLIC
1981-03-20,0,CLIC
1981-03-21,0,CLIC
1981-03-22,0,CLIC
1981-03-23,0,CLIC
1981-03-24,0,CLIC
1981-03-25,0,CLIC
1981-03-26,0,CLIC
1981-03-27,0,CLIC
1981-03-28,0,CLIC
1981-03-29,0,CLIC
1981-03-30,0,CLIC
1981-03-31,0,CLIC
1981-04-01,0,CLIC
1981-04-02,0,CLIC
1981-04-03,0,CLIC
1981-04-04,0,CLIC
1981-04-05,0,CLIC
1981-04-06,0,CLIC
1981-04-07,0,CLIC
1981-04-08,0,CLIC
1981-04-09,0,CLIC
1981-04-10,0,CLIC
1981-04-11,0,CLIC
1981-04-12,0,CLIC
1981-04-13,0,CLIC
1981-04-14,0,CLIC
1981-04-15,0,CLIC
1981-04-16,0,CLIC
1981-04-17,0,CLIC
1981-04-18,0,CLIC
1981-04-19,0,CLIC
1981-04-20,0,CLIC
1981-04-21,0,CLIC
1981-04-22,0,CLIC
1981-04-23,0,CLIC
1981-04-24,43,CLIC
1981-04-25,0,CLIC
1981-04-26,0,CLIC
1981-04-27,0,CLIC
1981-04-28,0,CLIC
1981-04-29,1,CLIC
1981-04-30,88,CLIC
1981-05-01,2.6,CLIC
1981-05-02,19.8,CLIC
1981-05-03,21.6,CLIC
1981-05-04,0,CLIC
1981-05-05,0,CLIC
1981-05-06,0,CLIC
1981-05-07,0,CLIC
1981-05-08,0,CLIC
1981-05-09,0,CLIC
1981-05-10,0,CLIC
1981-05-11,0,CLIC
1981-05-12,0,CLIC
1981-05-13,0,CLIC
1981-05-14,2.1,CLIC
1981-05-15,0,CLIC
1981-05-16,0,CLIC
1981-05-17,0,CLIC
1981-05-18,0,CLIC
1981-05-19,0,CLIC
1981-05-20,0,CLIC
1981-05-21,0,CLIC
1981-05-22,0,CLIC
1981-05-23,39.9,CLIC
1981-05-24,8,CLIC
1981-05-25,0,CLIC
1981-05-26,0,CLIC
1981-05-27,0,CLIC
1981-05-28,13.4,CLIC
1981-05-29,52.9,CLIC
1981-05-30,7.7,CLIC
1981-05-31,0,CLIC
1981-06-01,0,CLIC
1981-06-02,0,CLIC
1981-06-03,0,CLIC
1981-06-04,0,CLIC
1981-06-05,0,CLIC
1981-06-06,0,CLIC
1981-06-07,0,CLIC
1981-06-08,0,CLIC
1981-06-09,0,CLIC
1981-06-10,0,CLIC
1981-06-11,9.9,CLIC
1981-06-12,0,CLIC
1981-06-13,0,CLIC
1981-06-14,0,CLIC
1981-06-15,4,CLIC
1981-06-16,31.6,CLIC
1981-06-17,0,CLIC
1981-06-18,0,CLIC
1981-06-19,0,CLIC
1981-06-20,0,CLIC
1981-06-21,0,CLIC
1981-06-22,0,CLIC
1981-06-23,0,CLIC
1981-06-24,0,CLIC
1981-06-25,0,CLIC
1981-06-26,26,CLIC
1981-06-27,0,CLIC
1981-06-28,0,CLIC
1981-06-29,0,CLIC
1981-06-30,0,CLIC
1981-07-01,0,CLIC
1981-07-02,0,CLIC
1981-07-03,0,CLIC
1981-07-04,0,CLIC
1981-07-05,0,CLIC
1981-07-06,27,CLIC
1981-07-07,0,CLIC
1981-07-08,0,CLIC
1981-07-09,7.9,CLIC
1981-07-10,0,CLIC
1981-07-11,0,CLIC
1981-07-12,0,CLIC
1981-07-13,0,CLIC
1981-07-14,0,CLIC
1981-07-15,0,CLIC
1981-07-16,0,CLIC
1981-07-17,0,CLIC
1981-07-18,0,CLIC
1981-07-19,0,CLIC
1981-07-20,0,CLIC
1981-07-21,0,CLIC
1981-07-22,0,CLIC
1981-07-23,0,CLIC
1981-07-24,0,CLIC
1981-07-25,5,CLIC
1981-07-26,66.7,CLIC
1981-07-27,0,CLIC
1981-07-28,0,CLIC
1981-07-29,0,CLIC
1981-07-30,0,CLIC
1981-07-31,0,CLIC
1981-08-01,0,CLIC
1981-08-02,0,CLIC
1981-08-03,0,CLIC
1981-08-04,0,CLIC
1981-08-05,0,CLIC
1981-08-06,0,CLIC
1981-08-07,0,CLIC
1981-08-08,0,CLIC
1981-08-09,0,CLIC
1981-08-10,0,CLIC
1981-08-11,0,CLIC
1981-08-12,0,CLIC
1981-08-13,0,CLIC
1981-08-14,0,CLIC
1981-08-15,0,CLIC
1981-08-16,0,CLIC
1981-08-17,0,CLIC
1981-08-18,0,CLIC
1981-08-19,0,CLIC
1981-08-20,0,CLIC
1981-08-21,0,CLIC
1981-08-22,0,CLIC
1981-08-23,0,CLIC
1981-08-24,0,CLIC
1981-08-25,0,CLIC
1981-08-26,0,CLIC
1981-08-27,12.2,CLIC
1981-08-28,0,CLIC
1981-08-29,67,CLIC
1981-08-30,0,CLIC
1981-08-31,0,CLIC
1981-09-01,0,CLIC
1981-09-02,0,CLIC
1981-09-03,0,CLIC
1981-09-04,16.8,CLIC
1981-09-05,12.2,CLIC
1981-09-06,0,CLIC
1981-09-07,0,CLIC
1981-09-08,0,CLIC
1981-09-09,0,CLIC
1981-09-10,0,CLIC
1981-09-11,0,CLIC
1981-09-12,0,CLIC
1981-09-13,0,CLIC
1981-09-14,0,CLIC
1981-09-15,0,CLIC
1981-09-16,24,CLIC
1981-09-17,0,CLIC
1981-09-18,0,CLIC
1981-09-19,0,CLIC
1981-09-20,0,CLIC
1981-09-21,0,CLIC
1981-09-22,0,CLIC
1981-09-23,0,CLIC
1981-09-24,0,CLIC
1981-09-25,0,CLIC
1981-09-26,0,CLIC
1981-09-27,9.5,CLIC
1981-09-28,1.5,CLIC
1981-09-29,1,CLIC
1981-09-30,0,CLIC
1981-10-01,0,CLIC
1981-10-02,0,CLIC
1981-10-03,0,CLIC
1981-10-04,0,CLIC
1981-10-05,0,CLIC
1981-10-06,0,CLIC
1981-10-07,0,CLIC
1981-10-08,0,CLIC
1981-10-09,0,CLIC
1981-10-10,0,CLIC
1981-10-11,0,CLIC
1981-10-12,0,CLIC
1981-10-13,0,CLIC
1981-10-14,0,CLIC
1981-10-15,0,CLIC
1981-10-16,0,CLIC
1981-10-17,0,CLIC
1981-10-18,5,CLIC
1981-10-19,0,CLIC
1981-10-20,0,CLIC
1981-10-21,0,CLIC
1981-10-22,8,CLIC
1981-10-23,5,CLIC
1981-10-24,1,CLIC
1981-10-25,0,CLIC
1981-10-26,0,CLIC
1981-10-27,0,CLIC
1981-10-28,0,CLIC
1981-10-29,0,CLIC
1981-10-30,0,CLIC
1981-10-31,0,CLIC
1981-11-01,0,CLIC
1981-11-02,0,CLIC
1981-11-03,0,CLIC
1981-11-04,0,CLIC
1981-11-05,0,CLIC
1981-11-06,0,CLIC
1981-11-07,0,CLIC
1981-11-08,0,CLIC
1981-11-09,0,CLIC
1981-11-10,0,CLIC
1981-11-11,0,CLIC
1981-11-12,0,CLIC
1981-11-13,0,CLIC
1981-11-14,0,CLIC
1981-11-15,0,CLIC
1981-11-16,0,CLIC
1981-11-17,0,CLIC
1981-11-18,0,CLIC
1981-11-19,0,CLIC
1981-11-20,0,CLIC
1981-11-21,0,CLIC
1981-11-22,0,CLIC
1981-11-23,0,CLIC
1981-11-24,0,CLIC
1981-11-25,0,CLIC
1981-11-26,0,CLIC
1981-11-27,0,CLIC
1981-11-28,0,CLIC
1981-11-29,0,CLIC
1981-11-30,0,CLIC
1981-12-01,0,CLIC
1981-12-02,0,CLIC
1981-12-03,0,CLIC
1981-12-04,0,CLIC
1981-12-05,0,CLIC
1981-12-06,0,CLIC
1981-12-07,0,CLIC
1981-12-08,4.5,CLIC
1981-12-09,1,CLIC
1981-12-10,0,CLIC
1981-12-11,0,CLIC
1981-12-12,0,CLIC
1981-12-13,0,CLIC
1981-12-14,0,CLIC
1981-12-15,0,CLIC
1981-12-16,0,CLIC
1981-12-17,0,CLIC
1981-12-18,0,CLIC
1981-12-19,0,CLIC
1981-12-20,0,CLIC
1981-12-21,0,CLIC
1981-12-22,0,CLIC
1981-12-23,0,CLIC
1981-12-24,0,CLIC
1981-12-25,0,CLIC
1981-12-26,0,CLIC
1981-12-27,0,CLIC
1981-12-28,0,CLIC
1981-12-29,1,CLIC
1981-12-30,0,CLIC
1981-12-31,0,CLIC
1982-01-01,0,CLIC
1982-01-02,0,CLIC
1982-01-03,0,CLIC
1982-01-04,0,CLIC
1982-01-05,0,CLIC
1982-01-06,0,CLIC
1982-01-07,0,CLIC
1982-01-08,0,CLIC
1982-01-09,0,CLIC
1982-01-10,0,CLIC
1982-01-11,0,CLIC
1982-01-12,0,CLIC
1982-01-13,0,CLIC
1982-01-14,0,CLIC
1982-01-15,0,CLIC
1982-01-16,0,CLIC
1982-01-17,0,CLIC
1982-01-18,0,CLIC
1982-01-19,0,CLIC
1982-01-20,0,CLIC
1982-01-21,0,CLIC
1982-01-22,0,CLIC
1982-01-23,0,CLIC
1982-01-24,0,CLIC
1982-01-25,0,CLIC
1982-01-26,0,CLIC
1982-01-27,0,CLIC
1982-01-28,0,CLIC
1982-01-29,0,CLIC
1982-01-30,1,CLIC
1982-01-31,0,CLIC
1982-02-01,0,CLIC
1982-02-02,0,CLIC
1982-02-03,0,CLIC
1982-02-04,0,CLIC
1982-02-05,0,CLIC
1982-02-06,0,CLIC
1982-02-07,0,CLIC
1982-02-08,0,CLIC
1982-02-09,0,CLIC
1982-02-10,0,CLIC
1982-02-11,0,CLIC
1982-02-12,0,CLIC
1982-02-13,0,CLIC
1982-02-14,0,CLIC
1982-02-15,0,CLIC
1982-02-16,0,CLIC
1982-02-17,0,CLIC
1982-02-18,0,CLIC
1982-02-19,0,CLIC
1982-02-20,0,CLIC
1982-02-21,0,CLIC
1982-02-22,0,CLIC
1982-02-23,0,CLIC
1982-02-24,0,CLIC
1982-02-25,5.2,CLIC
1982-02-26,0,CLIC
1982-02-27,0,CLIC
1982-02-28,0,CLIC
1982-03-01,0,CLIC
1982-03-02,0,CLIC
1982-03-03,0,CLIC
1982-03-04,0,CLIC
1982-03-05,0,CLIC
1982-03-06,0,CLIC
1982-03-07,0,CLIC
1982-03-08,0,CLIC
1982-03-09,0,CLIC
1982-03-10,0,CLIC
1982-03-11,0,CLIC
1982-03-12,0,CLIC
1982-03-13,0,CLIC
1982-03-14,0,CLIC
1982-03-15,0,CLIC
1982-03-16,0,CLIC
1982-03-17,0,CLIC
1982-03-18,0,CLIC
1982-03-19,0,CLIC
1982-03-20,0,CLIC
1982-03-21,0,CLIC
1982-03-22,0,CLIC
1982-03-23,0,CLIC
1982-03-24,0,CLIC
1982-03-25,0,CLIC
1982-03-26,0,CLIC
1982-03-27,0,CLIC
1982-03-28,0,CLIC
1982-03-29,0,CLIC
1982-03-30,0,CLIC
1982-03-31,0,CLIC
1982-04-01,0,CLIC
1982-04-02,0,CLIC
1982-04-03,0,CLIC
1982-04-04,0,CLIC
1982-04-05,0,CLIC
1982-04-06,0,CLIC
1982-04-07,0,CLIC
1982-04-08,0,CLIC
1982-04-09,0,CLIC
1982-04-10,0,CLIC
1982-04-11,0,CLIC
1982-04-12,0,CLIC
1982-04-13,0,CLIC
1982-04-14,0,CLIC
1982-04-15,0,CLIC
1982-04-16,0,CLIC
1982-04-17,0,CLIC
1982-04-18,0,CLIC
1982-04-19,0,CLIC
1982-04-20,5.4,CLIC
1982-04-21,30.5,CLIC
1982-04-22,1.7,CLIC
1982-04-23,3.5,CLIC
1982-04-24,0,CLIC
1982-04-25,0,CLIC
1982-04-26,0,CLIC
1982-04-27,63.2,CLIC
1982-04-28,0,CLIC
1982-04-29,5,CLIC
1982-04-30,15,CLIC
1982-05-01,0,CLIC
1982-05-02,30,CLIC
1982-05-03,0,CLIC
1982-05-04,0,CLIC
1982-05-05,0,CLIC
1982-05-06,0,CLIC
1982-05-07,0,CLIC
1982-05-08,0,CLIC
1982-05-09,0,CLIC
1982-05-10,0,CLIC
1982-05-11,0,CLIC
1982-05-12,0,CLIC
1982-05-13,0,CLIC
1982-05-14,0,CLIC
1982-05-15,0,CLIC
1982-05-16,0,CLIC
1982-05-17,44,CLIC
1982-05-18,0,CLIC
1982-05-19,0,CLIC
1982-05-20,0,CLIC
1982-05-21,7.2,CLIC
1982-05-22,5.6,CLIC
1982-05-23,4.3,CLIC
1982-05-24,0,CLIC
1982-05-25,0,CLIC
1982-05-26,0,CLIC
1982-05-27,0,CLIC
1982-05-28,0,CLIC
1982-05-29,0,CLIC
1982-05-30,0,CLIC
1982-05-31,0,CLIC
1982-06-01,0,CLIC
1982-06-02,0,CLIC
1982-06-03,0,CLIC
1982-06-04,0,CLIC
1982-06-05,0,CLIC
1982-06-06,0,CLIC
1982-06-07,0,CLIC
1982-06-08,0,CLIC
1982-06-09,0,CLIC
1982-06-10,0,CLIC
1982-06-11,0,CLIC
1982-06-12,0,CLIC
1982-06-13,0,CLIC
1982-06-14,0,CLIC
1982-06-15,0,CLIC
1982-06-16,0,CLIC
1982-06-17,0,CLIC
1982-06-18,0,CLIC
1982-06-19,0,CLIC
1982-06-20,0,CLIC
1982-06-21,0,CLIC
1982-06-22,0,CLIC
1982-06-23,0,CLIC
1982-06-24,0,CLIC
1982-06-25,0,CLIC
1982-06-26,0,CLIC
1982-06-27,0,CLIC
1982-06-28,0,CLIC
1982-06-29,0,CLIC
1982-06-30,0,CLIC
1982-07-01,0,CLIC
1982-07-02,0,CLIC
1982-07-03,0,CLIC
1982-07-04,0,CLIC
1982-07-05,0,CLIC
1982-07-06,0,CLIC
1982-07-07,0,CLIC
1982-07-08,0,CLIC
1982-07-09,0,CLIC
1982-07-10,0,CLIC
1982-07-11,0,CLIC
1982-07-12,0,CLIC
1982-07-13,0,CLIC
1982-07-14,0,CLIC
1982-07-15,0,CLIC
1982-07-16,0,CLIC
1982-07-17,0,CLIC
1982-07-18,0,CLIC
1982-07-19,0,CLIC
1982-07-20,0,CLIC
1982-07-21,0,CLIC
1982-07-22,0,CLIC
1982-07-23,0,CLIC
1982-07-24,0,CLIC
1982-07-25,0,CLIC
1982-07-26,0,CLIC
1982-07-27,0,CLIC
1982-07-28,0,CLIC
1982-07-29,0,CLIC
1982-07-30,0,CLIC
1982-07-31,0,CLIC
1982-08-01,0,CLIC
1982-08-02,0,CLIC
1982-08-03,0,CLIC
1982-08-04,0,CLIC
1982-08-05,0,CLIC
1982-08-06,0,CLIC
1982-08-07,0,CLIC
1982-08-08,0,CLIC
1982-08-09,0,CLIC
1982-08-10,0,CLIC
1982-08-11,0,CLIC
1982-08-12,0,CLIC
1982-08-13,0,CLIC
1982-08-14,0,CLIC
1982-08-15,0,CLIC
1982-08-16,0,CLIC
1982-08-17,0,CLIC
1982-08-18,0,CLIC
1982-08-19,0,CLIC
1982-08-20,0,CLIC
1982-08-21,0,CLIC
1982-08-22,0,CLIC
1982-08-23,0,CLIC
1982-08-24,0,CLIC
1982-08-25,0,CLIC
1982-08-26,0,CLIC
1982-08-27,0,CLIC
1982-08-28,0,CLIC
1982-08-29,0,CLIC
1982-08-30,0,CLIC
1982-08-31,0,CLIC
1982-09-01,6,CLIC
1982-09-02,0,CLIC
1982-09-03,0,CLIC
1982-09-04,8,CLIC
1982-09-05,0,CLIC
1982-09-06,0,CLIC
1982-09-07,0,CLIC
1982-09-08,0,CLIC
1982-09-09,0,CLIC
1982-09-10,0,CLIC
1982-09-11,0,CLIC
1982-09-12,0,CLIC
1982-09-13,0,CLIC
1982-09-14,0,CLIC
1982-09-15,28,CLIC
1982-09-16,0,CLIC
1982-09-17,0,CLIC
1982-09-18,0,CLIC
1982-09-19,0,CLIC
1982-09-20,20,CLIC
1982-09-21,0,CLIC
1982-09-22,0,CLIC
1982-09-23,0,CLIC
1982-09-24,0,CLIC
1982-09-25,0,CLIC
1982-09-26,0,CLIC
1982-09-27,0,CLIC
1982-09-28,0,CLIC
1982-09-29,0,CLIC
1982-09-30,0,CLIC
1982-10-01,0,CLIC
1982-10-02,0,CLIC
1982-10-03,0,CLIC
1982-10-04,0,CLIC
1982-10-05,0,CLIC
1982-10-06,7,CLIC
1982-10-07,0,CLIC
1982-10-08,0,CLIC
1982-10-09,18,CLIC
1982-10-10,0,CLIC
1982-10-11,0,CLIC
1982-10-12,0,CLIC
1982-10-13,0,CLIC
1982-10-14,0,CLIC
1982-10-15,0,CLIC
1982-10-16,0,CLIC
1982-10-17,0,CLIC
1982-10-18,0,CLIC
1982-10-19,0,CLIC
1982-10-20,0,CLIC
1982-10-21,0,CLIC
1982-10-22,0,CLIC
1982-10-23,0,CLIC
1982-10-24,0,CLIC
1982-10-25,0,CLIC
1982-10-26,0,CLIC
1982-10-27,0,CLIC
1982-10-28,0,CLIC
1982-10-29,0,CLIC
1982-10-30,0,CLIC
1982-10-31,0,CLIC
1982-11-01,0,CLIC
1982-11-02,15,CLIC
1982-11-03,0,CLIC
1982-11-04,0,CLIC
1982-11-05,0,CLIC
1982-11-06,0,CLIC
1982-11-07,0,CLIC
1982-11-08,0,CLIC
1982-11-09,0,CLIC
1982-11-10,0,CLIC
1982-11-11,0,CLIC
1982-11-12,0,CLIC
1982-11-13,0,CLIC
1982-11-14,0,CLIC
1982-11-15,0,CLIC
1982-11-16,0,CLIC
1982-11-17,0,CLIC
1982-11-18,0,CLIC
1982-11-19,0,CLIC
1982-11-20,0,CLIC
1982-11-21,0,CLIC
1982-11-22,0,CLIC
1982-11-23,2,CLIC
1982-11-24,6,CLIC
1982-11-25,0,CLIC
1982-11-26,0,CLIC
1982-11-27,0,CLIC
1982-11-28,0,CLIC
1982-11-29,0,CLIC
1982-11-30,0,CLIC
1983-09-13,23.5,CLIC
1983-09-14,5.2,CLIC
1983-09-15,0,CLIC
1983-09-16,0,CLIC
1983-09-17,0,CLIC
1983-09-18,0,CLIC
1983-09-19,0,CLIC
1983-09-20,52.5,CLIC
1983-09-21,0,CLIC
1983-09-22,0,CLIC
1983-09-23,0,CLIC
1983-09-24,0,CLIC
1983-09-25,0,CLIC
1983-09-26,0,CLIC
1983-09-27,0,CLIC
1983-09-28,0,CLIC
1983-09-29,0,CLIC
1983-09-30,0,CLIC
1983-10-01,0,CLIC
1983-10-02,0,CLIC
1983-10-03,0,CLIC
1983-10-04,0,CLIC
1983-10-05,0,CLIC
1983-10-06,0,CLIC
1983-10-07,0,CLIC
1983-10-08,0,CLIC
1983-10-09,0,CLIC
1983-10-10,0,CLIC
1983-10-11,8,CLIC
1983-10-12,0,CLIC
1983-10-13,0,CLIC
1983-10-14,0,CLIC
1983-10-15,0,CLIC
1983-10-16,0,CLIC
1983-10-17,0,CLIC
1983-10-18,0,CLIC
1983-10-19,0,CLIC
1983-10-20,8,CLIC
1983-10-21,0,CLIC
1983-10-22,0,CLIC
1983-10-23,0,CLIC
1983-10-24,0,CLIC
1983-10-25,0,CLIC
1983-10-26,0,CLIC
1983-10-27,0,CLIC
1983-10-28,0,CLIC
1983-10-29,0,CLIC
1983-10-30,0,CLIC
1983-10-31,0,CLIC
1983-11-01,0,CLIC
1983-11-02,0,CLIC
1983-11-03,0,CLIC
1983-11-04,0,CLIC
1983-11-05,0,CLIC
1983-11-06,0,CLIC
1983-11-07,0,CLIC
1983-11-08,0,CLIC
1983-11-09,0,CLIC
1983-11-10,0,CLIC
1983-11-11,0,CLIC
1983-11-12,0,CLIC
1983-11-13,1,CLIC
1983-11-14,0,CLIC
1983-11-15,0,CLIC
1983-11-16,0,CLIC
1983-11-17,0,CLIC
1983-11-18,0,CLIC
1983-11-19,0,CLIC
1983-11-20,0,CLIC
1983-11-21,0,CLIC
1983-11-22,0,CLIC
1983-11-23,0,CLIC
1983-11-24,0,CLIC
1983-11-25,0,CLIC
1983-11-26,0,CLIC
1983-11-27,0,CLIC
1983-11-28,0,CLIC
1983-11-29,0,CLIC
1983-11-30,6,CLIC
1983-12-01,5,CLIC
1983-12-02,0,CLIC
1983-12-03,0,CLIC
1983-12-04,0,CLIC
1983-12-05,0,CLIC
1983-12-06,0,CLIC
1983-12-07,0,CLIC
1983-12-08,0,CLIC
1983-12-09,0,CLIC
1983-12-10,0,CLIC
1983-12-11,0,CLIC
1983-12-12,0,CLIC
1983-12-13,0,CLIC
1983-12-14,0,CLIC
1983-12-15,0,CLIC
1983-12-16,0,CLIC
1983-12-17,0,CLIC
1983-12-18,6,CLIC
1983-12-19,2,CLIC
1983-12-20,3,CLIC
1983-12-21,8,CLIC
1983-12-22,1,CLIC
1983-12-23,1,CLIC
1983-12-24,0,CLIC
1983-12-25,0,CLIC
1983-12-26,0,CLIC
1983-12-27,0,CLIC
1983-12-28,0,CLIC
1983-12-29,0,CLIC
1983-12-30,0,CLIC
1983-12-31,0,CLIC
1984-01-01,0,CLIC
1984-01-02,6,CLIC
1984-01-03,8,CLIC
1984-01-04,0,CLIC
1984-01-05,0,CLIC
1984-01-06,1,CLIC
1984-01-07,9,CLIC
1984-01-08,1,CLIC
1984-01-09,0,CLIC
1984-01-10,0,CLIC
1984-01-11,0,CLIC
1984-01-12,0,CLIC
1984-01-13,0,CLIC
1984-01-14,0,CLIC
1984-01-15,2,CLIC
1984-01-16,1,CLIC
1984-01-17,3,CLIC
1984-01-18,0,CLIC
1984-01-19,4,CLIC
1984-01-20,3,CLIC
1984-01-21,0,CLIC
1984-01-22,0,CLIC
1984-01-23,2,CLIC
1984-01-24,35,CLIC
1984-01-25,0,CLIC
1984-01-26,0,CLIC
1984-01-27,0,CLIC
1984-01-28,0,CLIC
1984-01-29,0,CLIC
1984-01-30,55,CLIC
1984-01-31,12,CLIC
1984-02-01,0,CLIC
1984-02-02,0,CLIC
1984-02-03,0,CLIC
1984-02-04,0,CLIC
1984-02-05,0,CLIC
1984-02-06,0,CLIC
1984-02-07,0,CLIC
1984-02-08,0,CLIC
1984-02-09,0,CLIC
1984-02-10,0,CLIC
1984-02-11,0,CLIC
1984-02-12,0,CLIC
1984-02-13,0,CLIC
1984-02-14,0,CLIC
1984-02-15,0,CLIC
1984-02-16,0,CLIC
1984-02-17,0,CLIC
1984-02-18,0,CLIC
1984-02-19,0,CLIC
1984-02-20,0,CLIC
1984-02-21,0,CLIC
1984-02-22,0,CLIC
1984-02-23,0,CLIC
1984-02-24,0,CLIC
1984-02-25,0,CLIC
1984-02-26,0,CLIC
1984-02-27,0,CLIC
1984-02-28,0,CLIC
1984-05-01,0,CLIC
1984-05-02,0,CLIC
1984-05-03,0,CLIC
1984-05-04,0,CLIC
1984-05-05,0,CLIC
1984-05-06,0,CLIC
1984-05-07,23,CLIC
1984-05-08,0,CLIC
1984-05-09,0,CLIC
1984-05-10,0,CLIC
1984-05-11,0,CLIC
1984-05-12,0,CLIC
1984-05-13,0,CLIC
1984-05-14,22,CLIC
1984-05-15,8,CLIC
1984-05-16,3,CLIC
1984-05-17,63,CLIC
1984-05-18,0,CLIC
1984-05-19,0,CLIC
1984-05-20,0,CLIC
1984-05-21,0,CLIC
1984-05-22,0,CLIC
1984-05-23,0,CLIC
1984-05-24,0,CLIC
1984-05-25,0,CLIC
1984-05-26,0.1,CLIC
1984-05-27,0,CLIC
1984-05-28,1,CLIC
1984-05-29,0,CLIC
1984-05-30,0,CLIC
1984-05-31,0,CLIC
1984-06-01,0,CLIC
1984-06-02,0,CLIC
1984-06-03,0,CLIC
1984-06-04,0,CLIC
1984-06-05,0,CLIC
1984-06-06,0,CLIC
1984-06-07,0,CLIC
1984-06-08,0,CLIC
1984-06-09,0,CLIC
1984-06-10,0,CLIC
1984-06-11,0,CLIC
1984-06-12,0,CLIC
1984-06-13,0,CLIC
1984-06-14,0,CLIC
1984-06-15,0,CLIC
1984-06-16,0,CLIC
1984-06-17,0,CLIC
1984-06-18,0,CLIC
1984-06-19,0,CLIC
1984-06-20,0,CLIC
1984-06-21,0,CLIC
1984-06-22,0,CLIC
1984-06-23,0,CLIC
1984-06-24,0,CLIC
1984-06-25,0,CLIC
1984-06-26,0,CLIC
1984-06-27,0,CLIC
1984-06-28,0,CLIC
1984-06-29,0,CLIC
1984-06-30,0,CLIC
1985-01-01,5,CLIC
1985-01-02,0,CLIC
1985-01-03,0,CLIC
1985-01-04,0,CLIC
1985-01-05,0,CLIC
1985-01-06,0,CLIC
1985-01-07,0,CLIC
1985-01-08,0,CLIC
1985-01-09,0,CLIC
1985-01-10,0,CLIC
1985-01-11,8,CLIC
1985-01-12,2,CLIC
1985-01-13,3,CLIC
1985-01-14,5,CLIC
1985-01-15,0,CLIC
1985-01-16,5,CLIC
1985-01-17,0,CLIC
1985-01-18,0,CLIC
1985-01-19,0,CLIC
1985-01-20,0,CLIC
1985-01-21,4,CLIC
1985-01-22,0,CLIC
1985-01-23,0,CLIC
1985-01-24,0,CLIC
1985-01-25,0,CLIC
1985-01-26,2,CLIC
1985-01-27,0,CLIC
1985-01-28,0,CLIC
1985-01-29,0,CLIC
1985-01-30,0,CLIC
1985-01-31,0,CLIC
1985-02-01,0,CLIC
1985-02-02,0,CLIC
1985-02-03,0,CLIC
1985-02-04,0,CLIC
1985-02-05,0,CLIC
1985-02-06,0,CLIC
1985-02-07,0,CLIC
1985-02-08,0,CLIC
1985-02-09,0,CLIC
1985-02-10,0,CLIC
1985-02-11,0,CLIC
1985-02-12,0,CLIC
1985-02-13,0,CLIC
1985-02-14,0,CLIC
1985-02-15,0,CLIC
1985-02-16,0,CLIC
1985-02-17,0,CLIC
1985-02-18,0,CLIC
1985-02-19,0,CLIC
1985-02-20,0,CLIC
1985-02-21,0,CLIC
1985-02-22,0,CLIC
1985-02-23,6,CLIC
1985-02-24,20,CLIC
1985-02-25,5,CLIC
1985-02-26,10,CLIC
1985-02-27,8,CLIC
1985-02-28,2,CLIC
1985-03-01,0,CLIC
1985-03-02,0,CLIC
1985-03-03,0,CLIC
1985-03-04,0,CLIC
1985-03-05,1,CLIC
1985-03-06,0,CLIC
1985-03-07,0,CLIC
1985-03-08,0,CLIC
1985-03-09,0,CLIC
1985-03-10,0,CLIC
1985-03-11,0,CLIC
1985-03-12,0,CLIC
1985-03-13,31,CLIC
1985-03-14,0,CLIC
1985-03-15,0,CLIC
1985-03-16,0,CLIC
1985-03-17,0,CLIC
1985-03-18,0,CLIC
1985-03-19,0,CLIC
1985-03-20,0,CLIC
1985-03-21,0,CLIC
1985-03-22,0,CLIC
1985-03-23,0,CLIC
1985-03-24,0,CLIC
1985-03-25,0,CLIC
1985-03-26,0,CLIC
1985-03-27,0,CLIC
1985-03-28,0,CLIC
1985-03-29,0,CLIC
1985-03-30,0,CLIC
1985-03-31,0,CLIC
1985-06-01,25,CLIC
1985-06-02,160,CLIC
1985-06-03,0,CLIC
1985-06-04,0,CLIC
1985-06-05,0,CLIC
1985-06-06,0,CLIC
1985-06-07,0,CLIC
1985-06-08,4,CLIC
1985-06-09,0,CLIC
1985-06-10,0,CLIC
1985-06-11,0,CLIC
1985-06-12,6,CLIC
1985-06-13,0,CLIC
1985-06-14,24,CLIC
1985-06-15,0,CLIC
1985-06-16,0,CLIC
1985-06-17,0,CLIC
1985-06-18,0,CLIC
1985-06-19,24,CLIC
1985-06-20,0,CLIC
1985-06-21,0,CLIC
1985-06-22,0,CLIC
1985-06-23,15,CLIC
1985-06-24,0,CLIC
1985-06-25,0,CLIC
1985-06-26,0,CLIC
1985-06-27,0,CLIC
1985-06-28,0,CLIC
1985-06-29,0,CLIC
1985-06-30,0,CLIC
1985-08-01,0,CLIC
1985-08-02,0,CLIC
1985-08-03,0,CLIC
1985-08-04,0,CLIC
1985-08-05,0,CLIC
1985-08-06,0,CLIC
1985-08-07,0,CLIC
1985-08-08,0,CLIC
1985-08-09,0,CLIC
1985-08-10,0,CLIC
1985-08-11,0,CLIC
1985-08-12,0,CLIC
1985-08-13,0,CLIC
1985-08-14,0,CLIC
1985-08-15,0,CLIC
1985-08-16,0,CLIC
1985-08-17,0,CLIC
1985-08-18,0,CLIC
1985-08-19,0,CLIC
1985-08-20,0,CLIC
1985-08-21,0,CLIC
1985-08-22,0,CLIC
1985-08-23,0,CLIC
1985-08-24,0,CLIC
1985-08-25,0,CLIC
1985-08-26,0,CLIC
1985-08-27,0,CLIC
1985-08-28,0,CLIC
1985-08-29,0,CLIC
1985-08-30,0,CLIC
1985-08-31,0,CLIC
