Estación: ,CANNL,Canada
Variable: ,Gasto en Río (m3/s)
Longitud: ,100° 16' 33.54'',Latitud:,25° 48' 04.93''

Fecha,Valor
2002-01-01,3.227
2002-01-08,0.01
2002-01-09,3
2002-01-10,2.97
2002-01-11,0.01
2002-01-13,3.04
2002-01-14,2.87
2002-01-15,3.1
2002-01-16,0.01
2002-01-17,0.01
2002-01-18,2.985
2002-01-20,3.19
2002-01-21,0
2002-01-22,0
2002-01-23,0.01
2002-01-24,0.01
2002-01-25,0.01
2002-01-26,3.074
2002-01-28,0.01
2002-01-29,2.956
2002-01-30,3.085
2002-01-31,3.138
2002-02-01,3.057
2002-02-02,3.205
2002-02-04,0.01
2002-02-05,0.01
2002-02-06,0.536
2002-02-07,3.03
2002-02-08,3.071
2002-02-11,3.045
2002-02-12,3.036
2002-02-13,2.967
2002-02-14,0.01
2002-02-15,0.01
2002-02-18,0.01
2002-02-19,3.041
2002-02-20,3.044
2002-02-21,3.057
2002-02-22,2.949
2002-02-25,3.151
2002-02-26,3.081
2002-02-27,3.07
2002-02-28,0.01
2002-03-01,2.84
2002-03-04,3.06
2002-03-05,3.017
2002-03-06,0.01
2002-03-07,2.91
2002-03-12,3.071
2002-03-14,3.103
2002-03-15,3.103
2002-03-16,3.013
2002-03-17,0.01
2002-03-18,0.01
2002-03-19,3.066
2002-03-20,3.133
2002-03-22,3.144
2002-03-23,3.02
2002-03-25,3.19
2002-03-26,3.279
2002-03-27,3.117
2002-04-01,3.08
2002-04-02,2.991
2002-04-04,0
2002-04-05,0
2002-04-06,0
2002-04-07,0
2002-04-08,0
2002-04-09,0
2002-04-10,0
2002-04-11,0
2002-04-15,3.057
2002-04-16,3.151
2002-04-17,3.078
2002-04-18,2.946
2002-04-19,3.14
2002-04-22,2.872
2002-04-23,3.013
2002-04-24,2.983
2002-04-25,3.153
2002-04-26,0.01
2002-04-27,3.069
2002-04-29,3.129
2002-05-01,3
2002-05-02,0.01
2002-05-03,3.072
2002-05-06,0.01
2002-05-07,2.87
2002-05-08,3.089
2002-05-09,2.888
2002-05-10,0.01
2002-05-13,3.181
2002-05-14,3.023
2002-05-15,3.05
2002-05-16,2.91
2002-05-17,3.075
2002-05-19,3.19
2002-05-20,3.279
2002-05-21,2.672
2002-05-22,3.002
2002-05-23,2.832
2002-05-24,2.982
2002-05-26,0.01
2002-05-27,2.998
2002-05-28,2.946
2002-05-29,3.018
2002-05-30,3.039
2002-05-31,3.08
2002-06-01,0.01
2002-06-04,2.704
2002-06-05,2.809
2002-06-06,3.156
2002-06-07,3.171
2002-06-08,0.01
2002-06-10,3.19
2002-06-11,3.057
2002-06-12,2.776
2002-06-13,3.103
2002-06-14,3.016
2002-06-16,2.954
2002-06-17,3.187
2002-06-18,3.279
2002-06-19,3.025
2002-06-20,3.041
2002-06-21,0.01
2002-06-22,3.04
2002-06-23,3.201
2002-06-24,3.069
2002-06-25,3.139
2002-06-26,3.101
2002-06-27,3.229
2002-06-29,3.03
2002-07-01,0
2002-07-02,0.01
2002-07-03,3.153
2002-07-04,3.024
2002-07-05,0.01
2002-07-06,2.899
2002-07-08,3.038
2002-07-09,3.199
2002-07-10,3.21
2002-07-11,14.952
2002-07-12,3.335
2002-07-14,0.01
2002-07-15,3.346
2002-07-16,3.279
2002-07-17,3.136
2002-07-18,0.01
2002-07-19,3.047
2002-07-20,2.925
2002-07-21,2.982
2002-07-22,3.12
2002-07-23,3.117
2002-07-24,0.01
2002-07-25,3.083
2002-07-26,3.279
2002-07-27,0.01
2002-07-29,3.025
2002-07-30,3.195
2002-07-31,3.016
2002-08-01,0.01
2002-08-02,3.103
2002-08-03,3.21
2002-08-04,3.039
2002-08-05,3.013
2002-08-06,3.017
2002-08-07,3.2
2002-08-08,2.996
2002-08-09,3.19
2002-08-12,3.071
2002-08-13,3.108
2002-08-14,3.146
2002-08-15,2.989
2002-08-16,3.02
2002-08-18,0.01
2002-08-19,3.023
2002-08-20,3.031
2002-08-21,3.195
2002-08-22,0.01
2002-08-23,3.202
2002-08-25,0.01
2002-08-26,0.01
2002-08-27,0.01
2002-08-28,3.042
2002-08-29,2.672
2002-08-30,3.02
2002-08-31,0.01
2002-09-02,0.01
2002-09-03,3.05
2002-09-04,0.01
2002-09-06,3.061
2002-09-07,3.038
2002-09-08,3.017
2002-09-09,3.152
2002-09-11,32.195
2002-09-12,76.503
2002-09-13,3.215
2002-09-17,14.646
2002-09-18,2.67
2002-09-19,2.87
2002-09-20,2.209
2002-09-21,3.055
2002-09-22,3.04
2002-09-23,3.083
2002-09-24,2.925
2002-09-25,2.998
2002-09-26,3.013
2002-09-27,2.881
2002-09-28,2.704
2002-09-29,3.025
2002-09-30,2.776
2002-10-01,3.08
2002-10-02,3.04
2002-10-03,3.101
2002-10-04,2.672
2002-10-05,0
2002-10-07,0
2002-10-08,0
2002-10-10,0.01
2002-10-11,0.01
2002-10-12,3.169
2002-10-13,3.078
2002-10-14,14.646
2002-10-15,2.982
2002-10-16,3.017
2002-10-17,2.809
2002-10-18,3.042
2002-10-19,2.915
2002-10-20,3.023
2002-10-21,3.05
2002-10-22,3.016
2002-10-23,3.169
2002-10-24,3.05
2002-10-25,3.059
2002-10-27,3.201
2002-10-28,3.039
2002-10-29,3.052
2002-10-30,3.047
2002-10-31,3.078
2002-11-01,2.67
2002-11-02,3.04
2002-11-03,2.78
2002-11-04,2.81
2002-11-05,0.01
2002-11-06,3.129
2002-11-07,3.196
2002-11-08,3.039
2002-11-09,0.01
2002-11-10,0.01
2002-11-11,0.01
2002-11-12,3.201
2002-11-13,2.704
2002-11-14,2.817
2002-11-15,0.01
2002-11-16,3.042
2002-11-18,2.733
2002-11-19,1.579
2002-11-20,3.101
2002-11-21,2.854
2002-11-22,3.033
2002-11-23,2.704
2002-11-24,3.013
2002-11-25,3.075
2002-11-26,2.832
2002-11-27,3.069
2002-11-28,0.01
2002-11-29,3.044
2002-11-30,3.089
2002-12-02,3.138
2003-01-03,2.801
2003-01-04,2.863
2003-01-05,2.982
2003-01-07,2.725
2003-01-08,2.808
2003-01-09,2.718
2003-01-10,3.042
2003-01-11,3.013
2003-01-12,3.129
2003-01-13,3.078
2003-01-14,3.078
2003-01-15,3.059
2003-01-16,2.834
2003-01-17,3.042
2003-01-19,2.817
2003-01-20,2.597
2003-01-21,3.025
2003-01-22,2.882
2003-01-23,3.058
2003-01-24,3.042
2003-01-25,3.078
2003-01-26,3.047
2003-01-27,3.007
2003-01-28,3.016
2003-01-29,2.949
2003-01-30,2.986
2003-01-31,2.832
2003-02-01,2.704
2003-02-02,3.023
2003-02-03,1.656
2003-02-04,3.221
2003-02-05,2.918
2003-02-06,3.049
2003-02-07,3.11
2003-02-08,3.169
2003-02-09,3.201
2003-02-10,3.136
2003-02-11,3.042
2003-02-12,3.069
2003-02-13,2.814
2003-02-14,3.039
2003-02-17,3.044
2003-02-18,3.101
2003-02-19,3.065
2003-02-20,2.81
2003-02-21,3.097
2003-02-22,3.083
2003-02-23,2.988
2003-02-24,0.01
2003-02-25,3.051
2003-02-26,2.935
2003-02-27,2.977
2003-02-28,3.083
2003-03-02,2.801
2003-03-03,3.013
2003-03-04,3.221
2003-03-05,2.925
2003-03-06,3.078
2003-03-07,0.01
2003-03-08,0.01
2003-03-09,2.941
2003-03-10,3.5
2003-03-11,2.882
2003-03-12,3.033
2003-03-13,3.023
2003-03-14,3.016
2003-03-15,3.016
2003-03-16,3.069
2003-03-17,2.704
2003-03-18,2.523
2003-03-19,3.042
2003-03-20,3.196
2003-03-21,3.078
2003-03-22,0.01
2003-03-23,2.887
2003-03-24,3.036
2003-03-25,3.097
2003-03-26,3.007
2003-03-27,2.809
2003-03-28,2.81
2003-03-29,3.083
2003-03-30,2.817
2003-04-01,2.602
2003-04-02,2.72
2003-04-03,2.842
2003-04-04,0
2003-04-05,0.01
2003-04-06,0.01
2003-04-07,0.01
2003-04-08,0.01
2003-04-09,2.941
2003-04-10,2.935
2003-04-11,2.83
2003-04-12,2.704
2003-04-14,3.093
2003-04-15,3.069
2003-04-16,3.078
2003-04-17,2.816
2003-04-18,0.01
2003-04-19,2.801
2003-04-20,2.825
2003-04-21,2.599
2003-04-22,3.04
2003-04-23,2.666
2003-04-24,2.863
2003-04-25,2.707
2003-04-27,0.01
2003-04-28,2.816
2003-04-29,3.022
2003-04-30,2.977
2003-05-01,2.711
2003-05-02,3.025
2003-05-03,2.943
2003-05-04,2.976
2003-05-05,0.01
2003-05-06,2.96
2003-05-07,3.198
2003-05-08,3.025
2003-05-09,2.887
2003-05-11,2.826
2003-05-12,2.766
2003-05-13,2.85
2003-05-15,2.834
2003-05-16,2.883
2003-05-17,2.59
2003-05-18,2.72
2003-05-19,2.542
2003-05-20,2.809
2003-05-21,2.704
2003-05-22,2.977
2003-05-23,0.01
2003-05-24,0.01
2003-05-26,2.816
2003-05-27,2.941
2003-05-28,3.2
2003-05-29,0
2003-05-30,0
2003-05-31,2.738
2003-06-01,3.03
2003-06-02,2.596
2003-06-03,2.801
2003-06-04,2.523
2003-06-05,2.773
2003-06-06,2.758
2003-06-09,2.82
2003-06-10,2.709
2003-06-11,0.01
2003-06-12,2.736
2003-06-13,0.01
2003-06-14,2.853
2003-06-15,3.06
2003-06-16,2.985
2003-06-17,2.93
2003-06-18,0.01
2003-06-19,2.826
2003-06-20,2.803
2003-06-22,2.834
2003-06-23,0.01
2003-06-25,0.01
2003-06-26,2.714
2003-06-27,2.618
2003-06-28,2.76
2003-06-29,2.807
2003-06-30,2.87
2003-07-01,0.882
2003-07-02,0
2003-07-03,2.81
2003-07-04,3.016
2003-07-05,3.03
2003-07-07,0.01
2003-07-08,0.01
2003-07-09,0.01
2003-07-10,0
2003-07-11,0
2003-07-12,0
2003-07-13,0
2003-07-14,0
2003-07-15,2.616
2003-07-16,2.645
2003-07-17,0
2003-07-18,2.657
2003-07-19,2.885
2003-07-20,0.01
2003-07-21,0.01
2003-07-22,2.763
2003-07-23,2.59
2003-07-24,0.01
2003-07-25,2.728
2003-07-26,2.756
2003-07-27,2.606
2003-07-28,0.01
2003-07-30,2.44
2003-07-31,2.671
2003-08-01,2.616
2003-08-02,0.01
2003-08-03,2.58
2003-08-05,2.542
2003-08-06,2.738
2003-08-07,2.798
2003-08-08,2.604
2003-08-09,2.616
2003-08-10,2.781
2003-08-11,2.866
2003-08-12,2.718
2003-08-13,2.645
2003-08-14,2.63
2003-08-15,2.74
2003-08-16,0.01
2003-08-17,28.82
2003-08-18,3.03
2003-08-19,62.33
2003-08-20,2.572
2003-08-21,2.647
2003-08-22,2.433
2003-08-23,2.786
2003-08-24,2.729
2003-08-25,2.658
2003-08-27,2.773
2003-08-28,2.622
2003-08-29,2.637
2003-08-30,2.609
2003-08-31,2.755
2003-09-01,2.542
2003-09-02,2.718
2003-09-03,19.886
2003-09-04,2.572
2003-09-05,27.59
2003-09-06,0.01
2003-09-07,2.866
2003-09-08,2.761
2003-09-09,2.548
2003-09-10,2.765
2003-09-11,2.827
2003-09-13,0.01
2003-09-14,2.858
2003-09-15,2.738
2003-09-17,2.715
2003-09-18,2.87
2003-09-20,3.06
2003-09-21,3.2
2003-09-22,3.06
2003-09-23,2.82
2003-09-24,2.72
2003-09-25,2.63
2003-09-26,2.74
2003-09-27,3.07
2003-09-28,2.83
2003-09-29,2.65
2003-09-30,2.719
2003-10-01,2.84
2003-10-02,0.01
2003-10-03,3.026
2003-10-04,2.723
2003-10-05,2.68
2003-10-06,2.685
2003-10-07,2.812
2003-10-08,2.845
2003-10-09,2.642
2003-10-10,3.02
2003-10-11,2.948
2003-10-12,3.078
2003-10-13,3.59
2003-10-14,3.031
2003-10-15,3.047
2003-10-16,2.988
2003-10-17,2.839
2003-10-18,2.715
2003-10-19,2.629
2003-10-20,2.87
2003-10-21,2.935
2003-10-22,2.523
2003-10-23,2.859
2003-10-24,2.833
2003-10-25,2.681
2003-10-26,2.816
2003-10-27,2.81
2003-10-28,0.01
2003-10-29,2.601
2003-10-30,0.01
2003-10-31,2.72
2003-11-02,0.01
2003-11-03,0.01
2003-11-05,0.01
2003-11-06,0.01
2003-11-07,0.01
2003-11-08,0.01
2003-11-09,2.61
2003-11-10,2.65
2003-11-11,0.01
2003-11-12,0.01
2003-11-13,0.01
2003-11-14,0.01
2003-11-15,0.01
2003-11-16,0.01
2003-11-17,0.01
2003-11-18,0.01
2003-11-19,0.01
2003-11-20,0.01
2003-11-21,0.01
2003-11-22,0.01
2003-11-23,0.01
2003-11-24,0.01
2003-11-25,0.01
2003-11-26,0.01
2003-11-27,0.01
2003-11-28,0.01
2003-11-29,0.01
2003-11-30,0.01
2003-12-01,0
2003-12-02,0.01
2003-12-03,0.01
2004-01-04,0.01
2004-01-05,0.01
2004-01-06,0.01
2004-01-10,0.01
2004-01-11,0.01
2004-01-12,0.01
2004-01-13,0.01
2004-01-14,0.01
2004-01-15,0.01
2004-01-16,0.01
2004-01-17,0.01
2004-01-19,0.01
2004-01-20,0.01
2004-01-21,0.01
2004-01-22,0.01
2004-01-23,0.01
2004-01-24,0.01
2004-01-25,0.01
2004-01-26,0.01
2004-01-27,0.01
2004-01-28,0.01
2004-01-29,0.01
2004-01-30,0.01
2004-01-31,0.01
2004-02-01,0.01
2004-02-02,0.01
2004-02-03,0.01
2004-02-04,0.01
2004-02-05,0.01
2004-02-06,0.01
2004-02-07,0.01
2004-02-08,0.01
2004-02-09,0.01
2004-02-10,0.01
2004-02-11,0.01
2004-02-12,0.01
2004-02-13,0.01
2004-02-14,0.01
2004-02-15,0.01
2004-02-16,0.01
2004-02-17,0.01
2004-02-18,0.01
2004-02-19,0.01
2004-02-20,0.01
2004-02-21,0.01
2004-02-22,0.01
2004-02-23,0.01
2004-02-24,0.01
2004-02-25,0.01
2004-02-26,0.01
2004-02-27,0.01
2004-02-28,0
2004-02-29,0
2004-03-01,0
2004-03-02,0
2004-03-03,0
2004-03-04,0
2004-03-05,0
2004-03-06,0.01
2004-03-07,0.01
2004-03-08,0.01
2004-03-09,0.01
2004-03-10,0.01
2004-03-11,0.01
2004-03-12,0.01
2004-03-13,3.01
2004-03-14,0.01
2004-03-15,0.01
2004-03-16,0.01
2004-03-17,0.01
2004-03-18,0.01
2004-03-19,0.01
2004-03-20,0.01
2004-03-21,0.01
2004-03-22,0.01
2004-03-23,0.01
2004-03-24,0.01
2004-03-25,0.01
2004-03-26,0.01
2004-03-27,3.3
2004-03-28,0.01
2004-03-29,0.01
2004-03-30,0.01
2004-03-31,0.01
2004-04-01,0.01
2004-04-02,0.01
2004-04-03,0
2004-04-04,0.01
2004-04-05,0.01
2004-04-06,0.01
2004-04-07,0.01
2004-04-08,0.01
2004-04-10,0.01
2004-04-11,0.01
2004-04-12,0.01
2004-04-13,0.01
2004-04-14,0.01
2004-04-15,0.01
2004-04-16,0.01
2004-04-17,0
2004-04-18,0
2004-04-19,0.01
2004-04-20,0.01
2004-04-21,0.01
2004-04-22,0.01
2004-04-23,0.01
2004-04-24,0
2004-04-25,3.63
2004-04-26,3.66
2004-04-27,18.05
2004-04-28,0.01
2004-04-29,0.01
2004-04-30,0.01
2004-05-03,0
2004-05-04,0.01
2004-05-05,0.01
2004-05-06,0.01
2004-05-07,0.01
2004-05-08,0.01
2004-05-09,3.43
2004-05-10,0.01
2004-05-11,0.01
2004-05-12,0.01
2004-05-13,0.01
2004-05-14,0.01
2004-05-16,0
2004-05-17,0.01
2004-05-18,0.01
2004-05-19,0.01
2004-05-20,0.01
2004-05-21,0.01
2004-05-22,0
2004-05-23,0
2004-05-24,0.01
2004-05-25,0.01
2004-05-26,0.01
2004-05-27,0.01
2004-05-28,0.01
2004-05-30,0.01
2004-05-31,0.01
2004-06-01,0.01
2004-06-02,0.01
2004-06-03,0.01
2004-06-04,0.01
2004-06-05,0.01
2004-06-06,0.01
2004-06-07,0.01
2004-06-08,0.01
2004-06-09,0.01
2004-06-10,0
2004-06-11,0.01
2004-06-12,0.01
2004-06-13,0.01
2004-06-14,0.01
2004-06-15,0.01
2004-06-16,0.01
2004-06-17,0.01
2004-06-18,0.01
2004-06-19,0
2004-06-20,0
2004-06-21,0.01
2004-06-22,0.01
2004-06-23,0.01
2004-06-24,0.01
2004-06-25,0.01
2004-06-27,0.01
2004-06-28,0.01
2004-06-29,0.01
2004-06-30,0.01
2004-07-01,0.01
2004-07-02,0.01
2004-07-03,0.01
2004-07-05,0.01
2004-07-06,0.01
2004-07-07,0.01
2004-07-08,0.01
2004-07-09,0.01
2004-07-10,0.01
2004-07-11,0.01
2004-07-12,0.01
2004-07-13,0.01
2004-07-14,0.01
2004-07-15,0.01
2004-07-16,0.01
2004-07-17,0
2004-07-19,0.01
2004-07-20,0.01
2004-07-21,0.01
2004-07-22,0.01
2004-07-23,0.01
2004-07-24,3.59
2004-07-25,1
2004-07-26,0.01
2004-07-27,0.01
2004-07-28,0.01
2004-07-29,0.01
2004-07-30,0.01
2004-07-31,0.01
2004-08-02,0.01
2004-08-03,0.01
2004-08-04,0.01
2004-08-05,0.01
2004-08-07,3.49
2004-08-08,3.29
2004-08-09,3.41
2004-08-10,4.32
2004-08-11,0.01
2004-08-12,3.53
2004-08-13,0.01
2004-08-14,0.01
2004-08-16,0.01
2004-08-17,0.01
2004-08-18,0.01
2004-08-19,0.01
2004-08-20,0.01
2004-08-21,0.01
2004-08-23,0.01
2004-08-24,0.01
2004-08-25,0.01
2004-08-26,0.01
2004-08-27,0.01
2004-08-29,3.58
2004-08-30,0.01
2004-08-31,0.01
2004-09-01,3.67
2004-09-03,4.59
2004-09-05,0.01
2004-09-06,0.01
2004-09-07,0.01
2004-09-08,0.01
2004-09-09,0.01
2004-09-10,3.18
2004-09-11,0.01
2004-09-13,0.01
2004-09-14,0.01
2004-09-15,0.01
2004-09-16,0.01
2004-09-17,0.01
2004-09-18,0.01
2004-09-19,0.01
2004-09-20,0
2004-09-21,0
2004-09-22,0
2004-09-23,0.01
2004-09-24,0
2004-09-25,0
2004-09-26,0.01
2004-09-27,3.18
2004-09-28,0.01
2004-09-29,0.01
2004-09-30,0.01
2004-10-01,0.01
2004-10-02,0
2004-10-03,3.09
2004-10-04,0.01
2004-10-05,0.01
2004-10-06,0.01
2004-10-07,0.01
2004-10-08,0.01
2004-10-09,0.01
2004-10-10,3.01
2004-10-11,0
2004-10-12,0.01
2004-10-13,0.01
2004-10-14,0.01
2004-10-15,0.01
2004-10-16,0.01
2004-10-18,0.01
2004-10-19,0.01
2004-10-20,0.01
2004-10-21,0.01
2004-10-22,0.01
2004-10-23,0.01
2004-10-24,3.21
2004-10-25,0
2004-10-26,0
2004-10-27,0.01
2004-10-28,0
2004-10-29,0.01
2004-10-30,0.01
2004-10-31,0.01
2004-11-01,0.01
2004-11-02,0
2004-11-03,0.01
2004-11-04,0.01
2004-11-05,0.01
2004-11-06,0.01
2004-11-07,0
2004-11-08,0.01
2004-11-09,0.01
2004-11-10,0.01
2004-11-11,0.01
2004-11-12,0.01
2004-11-13,0.01
2004-11-14,0.01
2004-11-15,0.01
2004-11-16,0.01
2004-11-17,0
2004-11-18,0
2004-11-19,0
2004-11-20,0.01
2004-11-21,0.01
2004-11-22,0.01
2004-11-23,0.01
2004-11-24,0.01
2004-11-25,0.01
2004-11-26,0.01
2004-11-27,0.01
2004-11-28,0.01
2004-11-29,0.01
2004-11-30,0.01
2004-12-01,0.01
2004-12-02,0.01
2004-12-03,0.01
2004-12-04,0
2004-12-05,0
2005-01-03,0.01
2005-01-04,0.01
2005-01-05,0.01
2005-01-06,0.01
2005-01-07,0.01
2005-01-08,0.01
2005-01-09,0.01
2005-01-10,0.01
2005-01-11,0.01
2005-01-12,0.01
2005-01-13,0.01
2005-01-14,0.01
2005-01-15,0.001
2005-01-16,0.001
2005-01-17,0.01
2005-01-18,0.01
2005-01-19,0.01
2005-01-20,0.01
2005-01-21,0.01
2005-01-23,0.01
2005-01-24,0.01
2005-01-25,0.01
2005-01-26,0.01
2005-01-27,0.01
2005-01-28,0.01
2005-01-29,0.01
2005-01-30,0.01
2005-01-31,0.01
2005-02-01,0.01
2005-02-02,0.01
2005-02-03,3.474
2005-02-04,0.01
2005-02-05,0.01
2005-02-06,0.01
2005-02-07,0.01
2005-02-08,0.01
2005-02-09,0.01
2005-02-10,0.01
2005-02-11,0.01
2005-02-12,0.001
2005-02-13,0.001
2005-02-14,0.01
2005-02-15,0.01
2005-02-16,0.01
2005-02-17,0.01
2005-02-18,0.01
2005-02-19,0.01
2005-02-20,0.01
2005-02-21,0.01
2005-02-22,0.01
2005-02-23,0.01
2005-02-24,0.01
2005-02-25,2.955
2005-02-26,0.01
2005-02-27,2.938
2005-02-28,0.01
2005-03-01,0.01
2005-03-02,0.01
2005-03-03,0.01
2005-03-04,0.01
2005-03-05,0.01
2005-03-06,0.01
2005-03-07,0.01
2005-03-08,0.01
2005-03-09,0.01
2005-03-10,0.01
2005-03-11,0.01
2005-03-12,0.01
2005-03-13,0.01
2005-03-14,0.01
2005-03-15,0.01
2005-03-16,0.01
2005-03-17,0.01
2005-03-18,0.01
2005-03-19,0.001
2005-03-20,0.001
2005-03-21,0.01
2005-03-22,0.01
2005-03-23,0.01
2005-03-24,0.01
2005-03-25,0.01
2005-03-26,0.01
2005-03-27,0.01
2005-03-28,0.01
2005-03-29,0.01
2005-03-30,0.01
2005-03-31,0.01
2005-04-01,0.01
2005-04-02,0.01
2005-04-03,0.01
2005-04-04,0.01
2005-04-06,0.01
2005-04-07,0.01
2005-04-08,0.01
2005-04-09,0.001
2005-04-11,0.01
2005-04-12,0.01
2005-04-13,0.01
2005-04-14,0.01
2005-04-15,0.01
2005-04-16,0.01
2005-04-17,0.01
2005-04-18,0.01
2005-04-19,0.01
2005-04-20,0.01
2005-04-21,0.01
2005-04-22,0.01
2005-04-23,0.01
2005-04-26,0.01
2005-04-27,0.01
2005-04-28,0.01
2005-04-29,0.01
2005-04-30,0.01
2005-05-01,0.01
2005-05-02,0.01
2005-05-03,0.01
2005-05-04,0.01
2005-05-05,3.313
2005-05-06,2.82
2005-05-09,0.01
2005-05-10,0.01
2005-05-11,0.01
2005-05-12,0.01
2005-05-13,0.01
2005-05-14,0.01
2005-05-15,0.01
2005-05-16,0.01
2005-05-17,3.101
2005-05-18,0.01
2005-05-19,0.01
2005-05-20,0.01
2005-05-21,0.01
2005-05-22,0.01
2005-05-23,0.01
2005-05-24,0.01
2005-05-25,0.01
2005-05-26,0.01
2005-05-27,0.01
2005-05-28,0.01
2005-05-29,0.01
2005-05-30,0.01
2005-05-31,0.01
2005-06-01,0.01
2005-06-02,0.01
2005-06-03,0.01
2005-06-04,0.01
2005-06-05,0.01
2005-06-06,0.01
2005-06-07,0.01
2005-06-08,0.01
2005-06-09,0.01
2005-06-10,0.01
2005-06-11,0.01
2005-06-12,0.01
2005-06-13,0.01
2005-06-14,0.01
2005-06-15,0.01
2005-06-16,0.01
2005-06-17,0.01
2005-06-18,0.001
2005-06-19,0.001
2005-06-20,0.01
2005-06-21,0.01
2005-06-22,0.01
2005-06-23,0.01
2005-06-24,0.01
2005-06-25,0.01
2005-06-27,0.01
2005-06-28,0.01
2005-06-29,0.01
2005-06-30,0.01
2005-07-01,0.01
2005-07-03,0.01
2005-07-04,0.01
2005-07-05,0.01
2005-07-06,0.01
2005-07-07,0.01
2005-07-08,0.01
2005-07-09,0.01
2005-07-10,0.01
2005-07-11,0.01
2005-07-12,0.01
2005-07-13,0.01
2005-07-14,0.01
2005-07-15,0.01
2005-07-17,3.115
2005-07-18,0.01
2005-07-19,0.01
2005-07-20,0.01
2005-07-21,3.5
2005-07-22,3.415
2005-07-23,2.59
2005-07-24,2.782
2005-07-26,2.855
2005-07-27,2.846
2005-07-28,2.552
2005-07-29,2.546
2005-07-30,2.533
2005-07-31,2.539
2005-08-01,3.596
2005-08-02,2.526
2005-08-03,2.574
2005-08-04,2.44
2005-08-05,2.539
2005-08-06,2.345
2005-08-07,0.01
2005-08-08,0.01
2005-08-09,0.01
2005-08-10,0.01
2005-08-11,0.01
2005-08-12,0.01
2005-08-13,0.01
2005-08-14,0.01
2005-08-15,0.01
2005-08-16,0.01
2005-08-17,0.01
2005-08-18,0.01
2005-08-19,0.01
2005-08-20,0.001
2005-08-21,0.001
2005-08-22,0.01
2005-08-23,0.01
2005-08-24,0.01
2005-08-25,0.01
2005-08-26,0.01
2005-08-27,0.01
2005-08-28,0.01
2005-08-29,0.01
2005-08-30,0.01
2005-08-31,0.01
2005-09-01,0.01
2005-09-02,0.01
2005-09-03,2.183
2005-09-04,0.01
2005-09-05,0.01
2005-09-06,0.01
2005-09-07,0.01
2005-09-08,0.01
2005-09-09,0.01
2005-09-10,0.01
2005-09-11,0.01
2005-09-12,0.01
2005-09-13,0.01
2005-09-14,0.01
2005-09-15,0.01
2005-09-17,0.01
2005-09-18,0.01
2005-09-19,0.01
2005-09-20,0.01
2005-09-21,0.01
2005-09-22,0.01
2005-09-23,0.01
2005-09-24,0.01
2005-09-25,0.01
2005-09-26,0.01
2005-09-27,0.01
2005-09-28,0.01
2005-09-29,0.01
2005-09-30,0.01
2005-10-01,0.001
2005-10-02,0.001
2005-10-03,0.01
2005-10-04,0.01
2005-10-05,0.01
2005-10-06,0.01
2005-10-07,0.01
2005-10-08,0.01
2005-10-09,0.01
2005-10-10,0.01
2005-10-11,0.01
2005-10-12,0.01
2005-10-13,0.01
2005-10-14,4.684
2005-10-15,2.965
2005-10-16,0.01
2005-10-17,0.01
2005-10-18,0.01
2005-10-19,0.01
2005-10-20,0.01
2005-10-21,0.01
2005-10-22,0.001
2005-10-23,0.001
2005-10-24,0.01
2005-10-25,0.01
2005-10-26,0.01
2005-10-27,0.01
2005-10-28,0.01
2005-10-29,0.01
2005-10-30,0.01
2005-10-31,0.01
2005-11-01,0.01
2005-11-02,0.01
2005-11-03,0.01
2005-11-04,2.485
2005-11-05,0.01
2005-11-06,0.01
2005-11-07,0.01
2005-11-08,0.01
2005-11-09,0.01
2005-11-10,0.01
2005-11-11,0.01
2005-11-12,0.01
2005-11-13,0.01
2005-11-14,0.01
2005-11-15,0.01
2005-11-16,0.01
2005-11-17,0.01
2005-11-18,0.01
2005-11-19,0.001
2005-11-20,0.001
2005-11-21,0.01
2005-11-22,0.01
2005-11-23,0.01
2005-11-24,0.01
2005-11-25,0.01
2005-11-26,0.01
2005-11-27,0.01
2005-11-28,0.01
2005-11-29,0.01
2005-11-30,0.01
2005-12-01,0.01
2005-12-02,0.01
2005-12-04,0.01
2005-12-05,0.01
2006-01-05,0.01
2006-01-06,0.01
2006-01-07,0.01
2006-01-08,0.01
2006-01-09,0.01
2006-01-10,0.01
2006-01-11,0.01
2006-01-12,0.01
2006-01-13,0.01
2006-01-14,0.01
2006-01-15,0.01
2006-01-16,0.01
2006-01-17,0.01
2006-01-18,0.01
2006-01-19,0.01
2006-01-20,0.01
2006-01-21,0.001
2006-01-22,0.001
2006-01-23,0.01
2006-01-24,0.01
2006-01-25,0.01
2006-01-26,0.01
2006-01-27,0.01
2006-01-28,0.01
2006-01-29,0.01
2006-01-30,0.01
2006-01-31,0.01
2006-02-01,0.01
2006-02-02,0.01
2006-02-03,0.01
2006-02-04,0.01
2006-02-05,0.01
2006-02-06,0.01
2006-02-07,0.01
2006-02-08,0.01
2006-02-09,0.01
2006-02-10,0.01
2006-02-11,0.01
2006-02-12,0.01
2006-02-13,0.01
2006-02-14,0.01
2006-02-15,4.729
2006-02-16,0.01
2006-02-17,0.01
2006-02-18,0.01
2006-02-19,0.01
2006-02-20,0.01
2006-02-21,0.01
2006-02-22,0.01
2006-02-23,0.01
2006-02-24,0.01
2006-02-25,0.001
2006-02-26,0.001
2006-02-27,0.01
2006-02-28,0.01
2006-03-01,0.01
2006-03-02,0.01
2006-03-03,0.01
2006-03-04,0.01
2006-03-05,0.01
2006-03-06,0.01
2006-03-07,0.01
2006-03-08,0.01
2006-03-09,0.01
2006-03-10,0.01
2006-03-11,0.01
2006-03-12,0.01
2006-03-13,0.01
2006-03-14,0.01
2006-03-15,0.01
2006-03-16,0.01
2006-03-17,0.01
2006-03-18,0.06
2006-03-19,0.01
2006-03-20,0.01
2006-03-21,0.01
2006-03-22,0.01
2006-03-23,0.01
2006-03-24,0.01
2006-03-25,0.001
2006-03-26,0.001
2006-03-27,0.01
2006-03-28,0.01
2006-03-29,0.01
2006-03-30,0.01
2006-03-31,0.01
2006-04-01,0.01
2006-04-02,0.01
2006-04-03,0.01
2006-04-04,0.01
2006-04-05,0.01
2006-04-06,0.01
2006-04-07,0.01
2006-04-08,0.01
2006-04-10,0.01
2006-04-11,0.01
2006-04-12,0.01
2006-04-13,0.01
2006-04-14,0.01
2006-04-15,0.01
2006-04-16,0.01
2006-04-17,0.01
2006-04-18,0.01
2006-04-19,0.01
2006-04-20,0.01
2006-04-21,0.01
2006-04-22,0.001
2006-04-23,0.001
2006-04-24,0.01
2006-04-25,0.01
2006-04-26,0.01
2006-04-27,0.01
2006-04-28,0.01
2006-04-29,0.01
2006-04-30,0.01
2006-05-01,0.01
2006-05-02,0.01
2006-05-03,0.01
2006-05-04,0.01
2006-05-05,0.01
2006-05-06,0.01
2006-05-07,2.624
2006-05-08,0.01
2006-05-09,0.01
2006-05-10,0.01
2006-05-11,0.01
2006-05-13,0.01
2006-05-14,0.01
2006-05-15,0.01
2006-05-16,0.01
2006-05-17,0.01
2006-05-18,0.01
2006-05-19,0.01
2006-05-20,0.001
2006-05-21,0.241
2006-05-22,0.01
2006-05-23,0.01
2006-05-24,0.01
2006-05-25,0.01
2006-05-26,0.01
2006-05-27,0.01
2006-05-28,0.01
2006-05-29,0.01
2006-05-30,0.01
2006-05-31,0.01
2006-06-01,0.01
2006-06-02,3.161
2006-06-03,1.264
2006-06-04,0.01
2006-06-05,0.01
2006-06-06,0.01
2006-06-07,0.011
2006-06-08,0.01
2006-06-09,0.01
2006-06-10,0.01
2006-06-11,0.01
2006-06-12,0.01
2006-06-13,0.01
2006-06-14,0.01
2006-06-15,0.01
2006-06-16,0.01
2006-06-17,0.001
2006-06-18,0.001
2006-06-19,0.01
2006-06-20,0.01
2006-06-21,0.01
2006-06-22,0.01
2006-06-23,0.01
2006-06-24,0.01
2006-06-25,0.01
2006-06-26,0.01
2006-06-27,0.01
2006-06-28,0.01
2006-06-29,0.01
2006-06-30,0.01
2006-07-01,0.01
2006-07-02,0.01
2006-07-03,0.01
2006-07-04,0.01
2006-07-05,0.01
2006-07-06,1.944
2006-07-07,1.636
2006-07-08,0.01
2006-07-09,0.01
2006-07-10,0.01
2006-07-11,0.01
2006-07-12,0.01
2006-07-13,0.01
2006-07-14,0.01
2006-07-15,0.01
2006-07-16,0.01
2006-07-17,0.01
2006-07-18,0.01
2006-07-19,0.01
2006-07-20,0.01
2006-07-21,0.01
2006-07-22,0.001
2006-07-23,0.001
2006-07-24,0.01
2006-07-25,0.01
2006-07-26,0.01
2006-07-27,0.01
2006-07-28,0.01
2006-07-29,0.01
2006-07-30,0.01
2006-07-31,0.01
2006-08-01,0.01
2006-08-02,0.01
2006-08-03,0.01
2006-08-04,0.01
2006-08-05,2.786
2006-08-06,0.01
2006-08-07,0.01
2006-08-08,0.01
2006-08-10,0.01
2006-08-11,0.01
2006-08-12,0.01
2006-08-13,0.01
2006-08-14,0.01
2006-08-15,0.01
2006-08-16,0.01
2006-08-17,0.01
2006-08-18,0.01
2006-08-19,0.01
2006-08-20,0.01
2006-08-21,0.01
2006-08-22,0.01
2006-08-23,0.01
2006-08-24,0.01
2006-08-25,0.01
2006-08-26,0.001
2006-08-27,0.001
2006-08-28,0.01
2006-08-29,0.01
2006-08-30,0.01
2006-08-31,0.01
2006-09-01,0.01
2006-09-02,0.01
2006-09-03,0.01
2006-09-04,0.01
2006-09-05,0.01
2006-09-06,0.01
2006-09-07,0.01
2006-09-08,0.01
2006-09-09,0.01
2006-09-10,28.401
2006-09-11,0.01
2006-09-12,28.71
2006-09-13,4.088
2006-09-14,1.864
2006-09-15,1.064
2006-09-16,2.52
2006-09-17,2.638
2006-09-19,0.01
2006-09-20,0.01
2006-09-21,0.01
2006-09-22,0.01
2006-09-23,0.01
2006-09-24,29.887
2006-09-25,6.826
2006-09-26,0.38
2006-09-27,0.317
2006-09-28,0.38
2006-09-29,0.566
2006-09-30,0.746
2006-10-02,0.457
2006-10-03,0.506
2006-10-04,0.452
2006-10-05,0.452
2006-10-06,0.45
2006-10-07,0.448
2006-10-08,0.39
2006-10-09,0.332
2006-10-10,0.388
2006-10-11,0.33
2006-10-12,0.332
2006-10-13,0.332
2006-10-15,0.389
2006-10-16,0.385
2006-10-17,0.38
2006-10-18,0.37
2006-10-19,0.365
2006-10-20,0.382
2006-10-21,0.368
2006-10-22,0.365
2006-10-23,0.37
2006-10-24,0.388
2006-10-25,0.385
2006-10-26,0.367
2006-10-27,0.01
2006-10-28,0.32
2006-10-29,0.325
2006-10-30,0.32
2006-10-31,0.305
2006-11-01,0.324
2006-11-02,0.367
2006-11-03,0.386
2006-11-04,0.384
2006-11-05,0.36
2006-11-06,0.388
2006-11-07,0.358
2006-11-08,0.32
2006-11-09,0.36
2006-11-10,0.373
2006-11-11,0.318
2006-11-12,0.312
2006-11-13,0.168
2006-11-14,0.165
2006-11-15,0.357
2006-11-16,0.164
2006-11-18,0.356
2006-11-20,1.832
2006-11-21,0.31
2006-11-22,0.163
2006-11-23,0.32
2006-11-24,0.318
2006-11-25,0.162
2006-11-26,0.2
2006-11-27,0.01
2006-11-28,0.161
2006-11-29,0.159
2006-11-30,0.322
2006-12-01,0.16
2006-12-02,0.165
2006-12-03,0.01
2006-12-04,0.01
2007-01-03,0.5
2007-01-04,0.4
2007-01-05,0.22
2007-01-06,0.01
2007-01-07,0.2
2007-01-08,0.2
2007-01-09,0.2
2007-01-10,0.2
2007-01-11,0.01
2007-01-12,0.01
2007-01-13,0.203
2007-01-14,2.314
2007-01-15,0.16
2007-01-16,2.353
2007-01-17,2.407
2007-01-18,0.01
2007-01-19,0.01
2007-01-20,0.01
2007-01-21,0.01
2007-01-22,0.202
2007-01-23,0.201
2007-01-24,0.155
2007-01-25,0.203
2007-01-26,0.204
2007-01-27,0.403
2007-01-28,0.185
2007-01-29,0.201
2007-01-31,0.202
2007-02-01,0.223
2007-02-02,0.184
2007-02-03,0.405
2007-02-04,2.08
2007-02-05,0.225
2007-02-06,0.182
2007-02-08,0.181
2007-02-09,0.151
2007-02-10,2.383
2007-02-11,2.513
2007-02-12,0.01
2007-02-14,0.15
2007-02-15,0.18
2007-02-16,0.204
2007-02-19,0.45
2007-02-20,0.368
2007-02-21,0.6
2007-02-22,0.448
2007-02-23,0.441
2007-02-24,0.443
2007-02-25,0.36
2007-02-26,2.355
2007-02-27,0.44
2007-02-28,0.35
2007-03-01,0.506
2007-03-02,0.267
2007-03-03,0.01
2007-03-05,0.59
2007-03-06,0.286
2007-03-07,0.251
2007-03-09,0.356
2007-03-10,0.367
2007-03-11,0.322
2007-03-12,0.214
2007-03-13,0.303
2007-03-14,0.216
2007-03-15,0.209
2007-03-16,0.185
2007-03-17,0.212
2007-03-18,0.297
2007-03-19,0.27
2007-03-20,0.239
2007-03-21,0.218
2007-03-22,0.426
2007-03-23,0.436
2007-03-24,0.449
2007-03-25,0.207
2007-03-26,6.508
2007-03-27,0.625
2007-03-28,0.308
2007-03-29,0.318
2007-03-30,0.251
2007-03-31,0.199
2007-04-01,0.01
2007-04-02,0.097
2007-04-03,0.187
2007-04-04,0.171
2007-04-05,4.994
2007-04-12,0.212
2007-04-13,0.221
2007-04-14,0.181
2007-04-15,0.241
2007-04-16,0.199
2007-04-17,0.331
2007-04-18,0.439
2007-04-24,0.496
2007-04-25,0.377
2007-04-26,0.482
2007-04-27,0.322
2007-04-28,0.378
2007-04-29,0.365
2007-04-30,0.629
2007-05-01,0.205
2007-05-02,0.211
2007-05-03,0.28
2007-05-04,0.322
2007-05-05,0.149
2007-05-06,0.12
2007-05-07,0.265
2007-05-08,0.229
2007-05-09,3.371
2007-05-10,2.752
2007-05-11,0.335
2007-05-12,0.2
2007-05-14,0.001
2007-05-15,0.001
2007-05-16,0.001
2007-05-17,0.001
2007-05-18,0.01
2007-05-19,7.139
2007-05-20,3.733
2007-05-21,2.096
2007-05-22,0.324
2007-05-23,0.001
2007-05-24,0.251
2007-05-25,0.223
2007-05-26,3.4
2007-05-27,2.341
2007-05-28,0.236
2007-05-29,0.285
2007-05-30,0.215
2007-05-31,0.149
2007-06-01,0.188
2007-06-02,0.137
2007-06-03,0.176
2007-06-04,0.148
2007-06-05,0.122
2007-06-06,0.175
2007-06-07,0.104
2007-06-08,0.139
2007-06-09,0.274
2007-06-10,0.197
2007-06-11,2.577
2007-06-12,0.145
2007-06-13,0.224
2007-06-14,0.194
2007-06-15,0.17
2007-06-16,0.133
2007-06-17,0.159
2007-06-18,0.181
2007-06-19,0.175
2007-06-20,35.5
2007-06-21,2.866
2007-06-22,31.85
2007-06-23,0.829
2007-06-24,0.159
2007-06-25,0.429
2007-06-26,0.816
2007-06-27,0.812
2007-06-28,0.532
2007-06-29,0.684
2007-06-30,72.468
2007-07-02,0.61
2007-07-03,0.292
2007-07-04,0.31
2007-07-05,0.761
2007-07-06,0.414
2007-07-07,73.138
2007-07-08,1.021
2007-07-09,1.114
2007-07-10,0.91
2007-07-11,0.501
2007-07-12,0.499
2007-07-13,0.418
2007-07-14,0.399
2007-07-15,0.401
2007-07-16,0.602
2007-07-17,1.344
2007-07-18,0.821
2007-07-19,4.395
2007-07-20,1.061
2007-07-21,0.203
2007-07-22,0.296
2007-07-23,0.612
2007-07-24,0.184
2007-07-25,0.17
2007-07-26,0.314
2007-07-27,0.322
2007-07-28,0.348
2007-07-29,0.889
2007-07-30,0.316
2007-07-31,1.257
2007-08-01,0.512
2007-08-02,0.165
2007-08-03,0.615
2007-08-04,0.23
2007-08-05,0.603
2007-08-06,0.654
2007-08-07,0.294
2007-08-08,0.248
2007-08-09,0.38
2007-08-10,0.182
2007-08-11,0.202
2007-08-12,0.252
2007-08-13,0.28
2007-08-14,23.457
2007-08-15,0.216
2007-08-16,0.431
2007-08-17,0.495
2007-08-18,0.446
2007-08-19,0.39
2007-08-20,0.23
2007-08-21,0.233
2007-08-22,0.279
2007-08-23,0.361
2007-08-24,0.305
2007-08-25,0.511
2007-08-26,0.55
2007-08-27,0.558
2007-08-28,0.737
2007-08-29,0.672
2007-08-30,0.66
2007-08-31,0.621
2007-09-01,0.645
2007-09-02,9.249
2007-09-03,1.828
2007-09-04,0.729
2007-09-05,0.804
2007-09-06,0.536
2007-09-07,0.501
2007-09-08,0.561
2007-09-09,0.629
2007-09-10,0.56
2007-09-11,0.48
2007-09-12,0.594
2007-09-13,0.556
2007-09-14,0.594
2007-09-15,0.611
2007-09-16,2.032
2007-09-17,0.691
2007-09-18,1.884
2007-09-19,0.318
2007-09-20,0.793
2007-09-21,0.607
2007-09-22,0.45
2007-09-23,0.721
2007-09-24,0.348
2007-09-25,0.581
2007-09-26,0.471
2007-09-27,0.578
2007-09-28,0.598
2007-09-29,0.331
2007-09-30,0.327
2007-10-01,0.304
2007-10-02,0.328
2007-10-03,2.046
2007-10-04,0.495
2007-10-05,0.517
2007-10-06,0.42
2007-10-07,0.462
2007-10-08,0.493
2007-10-09,3.33
2007-10-10,3.155
2007-10-11,0.724
2007-10-12,0.713
2007-10-13,0.506
2007-10-14,0.436
2007-10-15,0.486
2007-10-16,2.289
2007-10-17,0.522
2007-10-18,1.066
2007-10-19,0.746
2007-10-20,0.475
2007-10-21,0.455
2007-10-22,0.449
2007-10-23,0.461
2007-10-24,0.509
2007-10-25,0.471
2007-10-26,0.594
2007-10-27,0.462
2007-10-28,0.495
2007-10-29,0.18
2007-10-30,0.269
2007-10-31,0.418
2007-11-01,0.367
2007-11-02,0.318
2007-11-03,0.292
2007-11-04,0.593
2007-11-05,0.318
2007-11-06,0.22
2007-11-07,0.305
2007-11-08,0.456
2007-11-09,0.349
2007-11-10,0.313
2007-11-11,0.29
2007-11-12,0.363
2007-11-13,0.409
2007-11-14,0.354
2007-11-15,2.081
2007-11-16,0.353
2007-11-17,0.472
2007-11-18,0.437
2007-11-19,1.935
2007-11-20,1.948
2007-11-21,0.464
2007-11-22,0.593
2007-11-23,0.33
2007-11-24,0.496
2007-11-25,0.469
2007-11-26,0.513
2007-11-27,0.187
2007-11-28,0.286
2007-11-29,0.228
2007-11-30,0.235
2007-12-01,0.385
2007-12-02,0.49
2007-12-03,0.398
2008-01-02,0.33
2008-01-04,0.302
2008-01-05,0.308
2008-01-06,0.19
2008-01-07,0.278
2008-01-08,0.252
2008-01-09,0.38
2008-01-10,0.307
2008-01-11,0.3
2008-01-12,0.265
2008-01-13,0.311
2008-01-14,0.263
2008-01-15,1.57
2008-01-16,1.839
2008-01-17,0.472
2008-01-18,0.421
2008-01-19,0.248
2008-01-20,0.313
2008-01-21,0.277
2008-01-22,0.259
2008-01-23,0.327
2008-01-24,0.472
2008-01-25,0.312
2008-01-26,0.313
2008-01-27,0.216
2008-01-28,0.254
2008-01-29,0.278
2008-01-30,0.16
2008-01-31,0.146
2008-02-01,0.001
2008-02-02,0.128
2008-02-03,0.249
2008-02-04,0.001
2008-02-05,0.001
2008-02-06,0.172
2008-02-07,0.001
2008-02-08,0.001
2008-02-09,0.01
2008-02-10,0.01
2008-02-11,0.01
2008-02-12,0.01
2008-02-13,0.01
2008-02-14,0.01
2008-02-15,0.01
2008-02-16,0.01
2008-02-17,0.01
2008-02-18,0.01
2008-02-19,0.01
2008-02-20,0.01
2008-02-21,0.01
2008-02-22,0.01
2008-02-23,0.01
2008-02-24,0.01
2008-02-25,0.01
2008-02-26,0.01
2008-02-27,0.01
2008-02-28,0.01
2008-02-29,0.01
2008-03-01,0.01
2008-03-03,0.01
2008-03-04,0.01
2008-03-05,0.01
2008-03-06,0.01
2008-03-07,0.01
2008-03-08,0.01
2008-03-09,0.01
2008-03-10,0.01
2008-03-11,0.01
2008-03-12,0.01
2008-03-13,0.01
2008-03-14,0.01
2008-03-15,0.01
2008-03-16,0.01
2008-03-17,0.01
2008-03-18,0.01
2008-03-23,0.01
2008-03-24,0.01
2008-03-25,0.01
2008-03-26,0.01
2008-03-27,0.01
2008-03-28,0.01
2008-03-29,0.01
2008-03-30,0.001
2008-03-31,0.01
2008-04-01,0.01
2008-04-02,0.01
2008-04-03,0.01
2008-04-04,0.01
2008-04-05,0.001
2008-04-06,0.01
2008-04-07,0.01
2008-04-08,0.01
2008-04-09,0.01
2008-04-10,0.01
2008-04-11,0.01
2008-04-12,0.01
2008-04-13,0.01
2008-04-14,0.01
2008-04-15,0.01
2008-04-16,0.01
2008-04-17,0.01
2008-04-18,0.01
2008-04-19,0.01
2008-04-20,0.01
2008-04-21,0.01
2008-04-22,0.01
2008-04-23,0.01
2008-04-24,0.01
2008-04-25,0.01
2008-04-26,0.01
2008-04-27,0.01
2008-04-28,0.01
2008-04-29,0.01
2008-04-30,0.01
2008-05-01,0.01
2008-05-02,0.01
2008-05-03,0.01
2008-05-04,0.541
2008-05-05,0.01
2008-05-06,0.01
2008-05-07,0.01
2008-05-08,0.01
2008-05-09,0.01
2008-05-10,0.01
2008-05-11,0.01
2008-05-12,0.01
2008-05-13,0.01
2008-05-14,0.01
2008-05-15,0.01
2008-05-16,0.01
2008-05-17,22.925
2008-05-18,0.354
2008-05-19,0.01
2008-05-20,0.01
2008-05-21,0.01
2008-05-22,1.387
2008-05-23,0.01
2008-05-24,0.01
2008-05-25,0.01
2008-05-26,0.01
2008-05-27,0.01
2008-05-28,0.01
2008-05-29,0.01
2008-05-30,0.01
2008-05-31,0.01
2008-06-01,0.01
2008-06-02,0.01
2008-08-31,0
2008-11-09,0
2014-03-27,0.26
2014-03-28,0.331
2014-03-31,0.224
2014-04-01,0.286
2014-04-02,0.35
2014-04-03,0.259
2014-04-04,0.133
2014-04-07,0.187
2014-04-09,0.298
2014-04-10,0.184
2014-04-14,0.146
2014-04-15,0.118
2014-04-16,0.152
2014-04-21,0.205
2014-04-22,0.227
2014-04-23,0.257
2014-04-28,0.184
2014-04-29,0.251
2014-04-30,0.207
2014-05-02,0.265
2014-05-06,0.238
2014-05-07,0.26
2014-05-09,0.239
2014-05-12,0.182
2014-05-13,0.224
2014-05-14,0.293
2014-05-15,0.208
2014-05-16,0.108
2014-05-19,0.21
2014-05-20,0.228
2014-05-21,0.203
2014-05-23,1.311
2014-05-26,0.168
2014-05-27,0.185
2014-05-28,0.189
2014-05-29,0.187
2014-05-30,0.201
2014-06-02,0.185
2014-06-03,0.241
2014-06-04,0.176
2014-06-05,0.21
2014-06-06,0.177
2014-06-09,0.197
2014-06-10,0.243
2014-06-11,0.215
2014-06-12,0.256
2014-06-13,0.188
2014-06-16,0.141
2014-06-17,0.207
2014-06-18,0.19
2014-06-19,0.223
2014-06-20,0.131
2014-06-24,0.094
2014-06-26,0.23
2014-06-30,0.204
2014-07-01,0.176
2014-07-02,0.234
2014-07-03,0.186
2014-07-04,0.299
2014-07-07,0.181
2014-07-08,0.201
2014-07-09,0.188
2014-07-15,0.217
2014-07-16,0.133
2014-07-17,0.233
2014-07-18,0.189
2014-07-21,0.216
2014-07-22,0.247
2014-07-23,0.191
2014-07-24,0.236
2014-07-25,0.25
2014-07-28,0.151
2014-07-29,0.196
2014-07-30,0.191
2014-07-31,0.2
2014-08-01,0.239
2014-08-04,0.354
2014-08-05,0.231
2014-08-06,0.214
2014-08-11,0.199
2014-08-12,0.342
2014-08-18,0.276
2014-08-19,0.28
2014-08-20,0.222
2014-08-22,0.241
2014-08-26,0.2
2014-08-27,0.171
2014-08-28,0.262
2014-08-29,0.227
2014-09-01,0.202
2014-09-02,0.23
2014-09-03,3.702
2014-09-04,1.825
2014-09-08,0.191
2014-09-10,0.184
2014-09-15,0.241
2014-09-17,0.195
2014-09-18,0.192
2014-09-19,0.229
2014-09-22,25.132
2014-09-23,2.234
2014-09-24,0.294
2014-09-25,0.228
2014-09-26,0.274
2014-09-29,0.265
2014-09-30,0.185
2014-10-01,0.276
2014-10-02,0.209
2014-10-03,0.196
2014-10-06,0.201
2014-10-08,0.224
2014-10-09,0.228
2014-10-10,0.154
2014-10-14,0.247
2014-10-15,0.172
2014-10-16,0.155
2014-10-20,0.265
2014-10-21,3.456
2014-10-22,0.545
2014-10-23,3.597
2014-10-27,0.236
2014-10-29,0.115
2014-10-30,0.238
2014-10-31,0.227
2014-11-01,0.274
2014-11-02,0.274
2014-11-03,0.215
2014-11-04,0.208
2014-11-05,0.274
2014-11-06,3.412
2014-11-07,4.916
2014-11-10,0.266
2014-11-12,0.198
2014-11-13,0.187
2014-11-14,0.183
2014-11-18,0.218
2014-11-19,0.205
2014-11-20,0.283
2014-11-21,0.325
2014-11-24,0.235
2014-11-25,0.222
2014-11-26,0.274
2014-11-28,0.211
2014-12-01,0.142
2014-12-02,0.264
2015-01-02,0.789
2015-01-07,0.288
2015-01-08,0.239
2015-01-09,0.291
2015-01-13,0.768
2015-01-14,1.086
2015-01-15,0.269
2015-01-16,0.31
2015-01-19,0.291
2015-01-20,0.336
2015-01-21,0.289
2015-01-22,0.341
2015-01-23,0.273
2015-01-26,0.254
2015-01-27,0.198
2015-01-28,0.356
2015-01-29,0.33
2015-02-04,0.384
2015-02-05,0.239
2015-02-06,0.33
2015-02-09,0.38
2015-02-10,0.419
2015-02-11,0.363
2015-02-12,0.322
2015-02-13,2.716
2015-02-16,0.304
2015-02-18,0.341
2015-02-20,0.326
2015-02-23,0.327
2015-02-24,0.246
2015-02-26,0.223
2015-03-03,0.229
2015-03-05,0.216
2015-03-06,0.191
2015-03-09,4.089
2015-03-10,0.199
2015-03-11,2.839
2015-03-13,5.465
2015-03-19,0.229
2015-03-23,0.364
2015-03-24,0.357
2015-04-16,0.342
2015-04-17,0.388
2015-09-23,2.927
2015-09-24,2.927
2015-09-25,3.943
2015-09-26,3.368
2015-09-27,2.927
2015-09-28,3.103
2015-09-29,2.927
2015-09-30,3.015
2015-10-01,3.103
2015-10-02,3.943
2015-10-03,2.927
2015-10-04,2.718
2015-10-05,2.927
2015-10-06,2.718
2015-10-07,4.186
2015-10-08,3.943
2015-10-09,4.186
2015-10-10,3.578
2015-10-11,3.578
2015-10-12,3.456
2015-10-13,3.456
2015-10-14,3.943
2015-10-15,4.429
2015-10-16,3.943
2015-10-17,4.186
2015-10-18,3.103
2016-05-07,20
2017-04-15,4.867
2017-04-16,4.867
2017-04-17,4.867
2017-04-18,4.855
2017-04-19,4.855
2017-04-20,4.867
2017-04-21,4.867
2017-04-22,4.867
2017-04-23,4.855
2017-04-24,4.855
2017-04-25,4.855
2017-04-26,4.879
2017-04-27,4.867
2017-04-28,4.867
2017-04-29,4.867
2017-04-30,4.855
2017-05-01,4.855
2017-05-02,4.855
2017-05-03,4.855
2017-05-04,4.867
2017-05-05,4.855
2017-05-06,4.855
2017-05-07,4.855
2017-05-08,4.855
2017-05-09,4.867
2017-05-10,4.867
2017-05-11,4.867
2017-05-12,4.867
2017-05-13,4.867
2017-05-14,4.867
2017-05-15,4.867
2017-05-16,4.867
2017-05-17,4.867
2017-05-18,4.867
2017-05-19,4.867
2017-05-20,4.867
2017-05-21,5.054
2017-05-22,5.34
2017-05-23,5.047
2017-05-24,5.047
2017-05-25,5.047
2017-05-26,5.054
2017-05-27,5.054
2017-05-28,5.054
2017-05-29,22.74
2017-05-30,4.539
2017-05-31,4.539
2017-06-01,4.527
2017-06-03,4.527
2017-06-04,2.694
2017-06-05,4.527
2017-06-06,4.514
2017-06-07,4.514
2017-06-08,4.527
2017-06-09,4.527
2017-06-10,4.527
2017-06-11,4.514
2017-06-12,4.527
2017-06-13,4.514
2017-06-14,4.514
2017-06-15,2.682
2017-06-16,4.514
2017-06-17,4.514
2017-06-18,4.514
2017-06-19,4.514
2017-06-20,4.514
2017-06-21,4.514
2017-06-22,4.514
2017-06-23,4.502
2017-06-24,4.502
2017-06-25,4.527
2017-06-26,4.514
2017-06-27,5.054
2017-06-28,5.054
2017-06-29,5.054
2017-06-30,5.06
2017-07-01,5.054
2017-07-02,5.054
2017-07-03,5.054
2017-07-04,5.054
2017-07-05,5.054
2017-07-06,5.054
2017-07-07,5.054
2017-07-08,5.047
2017-07-09,5.047
2017-07-10,5.047
2017-07-11,5.047
2017-07-12,5.047
2017-07-13,5.054
2017-07-14,5.054
2017-07-15,5.054
2017-07-16,5.054
2017-07-17,5.054
2017-07-18,5.054
2017-07-19,5.054
2017-07-20,5.054
2017-07-21,4.539
2017-07-22,4.514
2017-07-23,4.527
2017-07-24,4.514
2017-07-25,4.514
2017-07-26,4.527
2017-07-27,4.527
2017-07-28,4.527
2017-07-29,4.527
2017-07-30,4.514
2017-07-31,4.514
2017-08-01,4.514
2017-08-02,4.514
2017-08-03,4.502
2017-08-04,5.054
2017-08-05,5.054
2017-08-06,5.054
2017-08-07,3.112
2017-08-08,5.054
2017-08-09,5.054
2017-08-10,5.054
2017-08-11,5.047
2017-08-12,5.054
2017-08-13,5.054
2017-08-14,5.054
2017-08-15,5.054
2017-08-16,5.06
2017-08-17,5.054
2017-08-18,5.06
2017-08-19,5.054
2017-08-20,5.054
2017-08-21,5.054
2017-08-22,5.054
2017-08-23,5.054
2017-08-24,5.054
2017-08-25,5.054
2017-08-26,5.054
2017-08-27,5.06
2017-08-28,5.054
2017-08-29,5.054
2017-08-30,5.047
2017-08-31,5.054
2017-09-01,5.054
2017-09-02,5.054
2017-09-03,3.103
2017-09-04,5.047
2017-09-05,5.047
2017-09-06,8.908
2017-09-07,5.06
2017-09-08,5.054
2017-09-09,5.054
2017-09-10,4.968
2017-09-11,5.047
2017-09-12,5.047
2017-09-13,5.047
2017-09-14,5.047
2017-09-15,5.047
2017-09-16,5.054
2017-09-17,5.054
2017-09-18,5.06
2017-09-19,5.06
2017-09-20,5.06
2017-09-21,5.06
2017-09-22,5.06
2017-09-23,5.06
2017-09-24,4.356
2017-09-25,4.368
2017-09-26,4.356
2017-09-27,13.128
2017-09-28,210.86
2017-09-29,198.12
2017-09-30,4.064
2017-10-01,4.052
2017-10-02,57.324
2017-10-03,4.052
2017-10-04,4.064
2017-10-05,4.296
2017-10-06,2.839
2017-10-07,4.344
2017-10-08,4.356
2017-10-09,4.356
2017-10-10,4.368
2017-10-11,4.843
2017-10-12,4.344
2017-10-13,4.356
2017-10-14,4.356
2017-10-15,4.344
2017-10-16,4.356
2017-10-17,4.344
2017-10-18,4.344
2017-10-19,4.344
2017-10-20,4.344
2017-10-21,4.356
2017-10-22,2.561
2017-10-23,4.356
2017-10-24,4.356
2017-10-25,4.344
2017-10-26,4.344
2017-10-27,4.344
2017-11-04,3.723
2017-11-05,1.804
2017-11-06,3.736
2017-11-07,3.736
2017-11-08,3.723
2017-11-09,3.772
2017-11-10,3.76
2017-11-11,3.748
2017-11-12,3.736
2017-11-13,3.736
2017-11-14,3.736
2017-11-15,3.736
2017-11-16,3.723
2017-11-17,3.736
2017-11-18,3.748
2017-11-19,3.76
2017-11-20,3.772
2017-11-21,3.772
2017-11-22,3.76
2017-11-23,3.772
2017-11-24,3.772
2017-11-25,3.772
2017-11-26,3.748
2017-11-27,3.736
2017-11-28,3.736
2017-11-29,3.736
2017-11-30,3.736
2017-12-01,3.736
2017-12-02,3.748
2017-12-03,3.736
2017-12-04,3.736
2017-12-05,3.736
2017-12-07,3.784
2017-12-08,3.955
2017-12-09,3.797
2017-12-10,3.784
2017-12-11,3.784
2017-12-12,3.772
2017-12-13,3.784
2017-12-14,3.772
2017-12-19,3.772
2017-12-20,3.76
2017-12-21,3.772
2017-12-22,3.76
2017-12-23,1.918
2017-12-24,3.784
2017-12-25,3.784
2017-12-26,3.784
2017-12-27,3.772
2017-12-28,3.784
2017-12-29,3.784
2017-12-30,3.772
2017-12-31,3.772
2018-01-01,3.797
2018-01-02,3.821
2018-01-03,1.976
2018-01-04,3.821
2018-01-05,3.797
2018-01-06,3.797
2018-01-07,3.772
2018-01-08,3.772
2018-01-09,3.784
2018-01-10,3.784
2018-01-11,3.772
2018-01-12,3.784
2018-01-13,3.797
2018-01-14,3.784
2018-01-15,3.784
2018-01-16,1.89
2018-01-17,3.821
2018-01-18,3.821
2018-01-19,3.809
2018-01-20,3.809
2018-01-21,3.772
2018-01-22,3.76
2018-01-23,3.797
2018-01-24,3.784
2018-01-25,3.784
2018-01-26,3.772
2018-01-27,3.76
2018-01-28,1.861
2018-01-29,3.76
2018-01-30,3.797
2018-01-31,3.784
2018-02-01,3.784
2018-02-02,3.76
2018-02-03,3.784
2018-02-04,3.76
2018-02-05,3.76
2018-02-06,3.76
2018-02-07,3.748
2018-02-08,3.772
2018-02-09,1.918
2018-02-10,3.772
2018-02-11,3.76
2018-02-12,3.784
2018-02-13,3.784
2018-02-14,3.76
2018-02-15,3.748
2018-02-16,3.76
2018-02-17,3.736
2018-02-18,3.736
2018-02-19,3.736
2018-02-20,3.736
2018-02-21,3.736
2018-02-22,3.76
2018-02-23,3.76
2018-02-24,3.736
2018-02-25,3.736
2018-02-26,3.736
2018-02-27,3.748
2018-02-28,3.736
2018-03-01,3.736
2018-03-02,3.76
2018-03-03,3.748
2018-03-04,3.736
2018-03-05,3.736
2018-03-06,1.804
2018-03-07,3.748
2018-03-08,3.772
2018-03-09,3.748
2018-03-10,3.736
2018-03-11,3.736
2018-03-12,3.748
2018-03-13,3.772
2018-03-14,1.861
2018-03-15,3.76
2018-03-16,3.748
2018-03-17,3.736
2018-03-18,3.736
2018-03-19,3.736
2018-03-20,3.748
2018-03-21,3.748
2018-03-22,3.736
2018-03-23,3.736
2018-03-24,3.736
2018-03-25,3.736
2018-03-26,3.736
2018-03-27,3.723
2018-03-28,1.804
2018-03-29,3.736
2018-04-12,4.575
2018-04-13,4.563
2018-04-14,4.563
2018-04-15,4.588
2018-04-16,4.588
2018-04-17,4.575
2018-04-18,4.563
2018-04-19,4.539
2018-04-20,4.551
2018-04-21,4.527
2018-04-22,4.527
2018-04-23,4.527
2018-04-24,4.527
2018-04-25,4.527
2018-04-26,2.706
2018-04-27,4.527
2018-04-28,14.675
2018-04-29,4.843
2018-04-30,4.843
2018-05-01,4.855
2018-05-02,2.694
2018-05-03,4.527
2018-05-04,2.694
2018-05-05,5.373
2018-05-06,4.843
2018-05-07,4.843
2018-05-08,4.843
2018-05-09,2.918
2018-05-10,4.49
2018-05-11,4.502
2018-05-12,4.502
2018-05-13,4.478
2018-05-14,4.478
2018-05-15,4.49
2018-05-16,4.466
2018-05-17,4.466
2018-05-18,4.478
2018-05-19,4.478
2018-05-20,4.466
2018-05-21,4.49
2018-05-22,4.478
2018-05-23,4.478
2018-05-24,4.478
2018-05-25,4.478
2018-05-26,4.478
2018-05-27,4.49
2018-05-28,4.478
2018-05-29,4.478
2018-05-30,4.478
2018-05-31,4.466
2018-06-01,4.478
2018-06-02,4.466
2018-06-03,4.478
2018-06-04,4.478
2018-06-05,4.478
2018-06-06,4.478
2018-06-07,4.478
2018-06-08,4.478
2018-06-09,4.478
2018-06-10,4.478
2018-06-11,4.466
2018-06-12,4.478
2018-06-13,4.478
2018-06-14,4.49
2018-06-15,4.478
2018-06-16,4.478
2018-06-17,4.478
2018-06-18,4.478
2018-06-19,4.478
2018-06-20,4.867
2018-06-21,5.379
2018-06-22,19.177
2018-06-23,5.118
2018-06-24,4.794
2018-06-25,4.539
2018-06-26,4.539
2018-06-27,4.527
2018-06-28,4.527
2018-06-29,4.514
2018-06-30,4.527
2018-07-01,4.514
2018-07-02,4.514
2018-07-03,4.514
2018-07-04,4.514
2018-07-05,4.514
2018-07-06,5.164
2018-07-07,4.855
2018-07-08,4.855
2018-07-09,4.955
2018-07-10,4.855
2018-07-11,4.855
2018-07-12,4.855
2018-07-13,4.855
2018-07-14,4.855
2018-07-15,4.855
2018-07-16,4.855
2018-07-17,4.855
2018-07-18,4.855
2018-07-19,4.855
2018-07-20,4.855
2018-07-21,4.855
2018-07-22,4.855
2018-07-23,4.855
2018-07-24,4.855
2018-07-25,4.855
2018-07-26,4.855
2018-07-27,4.867
2018-07-28,4.855
2018-07-29,4.855
2018-07-30,2.918
2018-07-31,4.855
2018-08-01,4.962
2018-08-02,4.855
2018-08-03,4.855
2018-08-04,4.855
2018-08-05,4.855
2018-08-06,4.855
2018-08-07,4.855
2018-08-08,4.855
2018-08-09,2.918
2018-08-10,4.855
2018-08-11,4.855
2018-08-12,4.855
2018-08-13,4.855
2018-08-14,4.855
2018-08-15,4.867
2018-08-16,4.855
2018-08-17,4.855
2018-08-18,0.328
2018-08-19,4.855
2018-08-20,4.855
2018-08-21,4.855
2018-08-22,4.855
2018-08-23,4.855
2018-08-24,4.855
2018-08-25,4.855
2018-08-26,4.855
2018-08-27,4.855
2018-08-28,4.855
2018-08-29,4.855
2018-08-30,4.855
2018-08-31,4.855
2018-09-01,2.918
2018-09-02,4.855
2018-09-03,14.441
2018-09-04,5.047
2018-09-05,5.047
2018-09-06,5.047
2018-09-07,14.113
2018-09-08,4.867
2018-09-09,15.848
2018-09-10,37.668
2018-09-11,4.962
2018-09-12,4.867
2018-09-13,4.855
2018-09-14,4.855
2018-09-15,4.855
2018-09-16,4.916
2018-09-17,4.855
2018-09-18,4.855
2018-09-19,4.855
2018-09-20,4.855
2018-09-21,4.855
2018-09-22,24.241
2018-09-23,4.867
2018-09-24,4.855
2018-09-25,4.855
2018-09-26,4.855
2018-09-27,5.412
2018-09-28,4.936
2018-09-29,5.328
2018-09-30,7.97
2018-10-01,5.144
2018-10-02,5.007
2018-10-03,4.867
2018-10-04,4.855
2018-10-05,4.855
2018-10-06,4.855
2018-10-07,4.855
2018-10-08,4.855
2018-10-09,4.855
2018-10-10,4.855
2018-10-11,4.855
2018-10-12,4.855
2018-10-13,2.918
2018-10-14,4.855
2018-10-15,4.855
2018-10-16,4.831
2018-10-17,4.831
2018-10-18,4.831
2018-10-19,4.831
2018-10-20,4.843
2018-10-21,15.801
2018-10-22,5.099
2018-10-23,4.879
2018-10-24,4.843
2018-10-25,4.843
2018-10-26,4.843
2018-10-27,4.843
2018-10-28,4.843
2018-10-29,4.843
2018-10-30,4.843
2018-10-31,4.843
2018-11-01,4.843
2018-11-02,4.843
2018-11-03,4.831
2018-11-04,4.843
2018-11-05,4.843
2018-11-06,4.843
2018-11-07,4.843
2018-11-08,4.855
2018-11-09,2.918
2018-11-10,2.909
2018-11-11,4.831
2018-11-12,4.843
2018-11-13,4.818
2018-11-14,4.818
2018-11-15,4.818
2018-11-16,2.901
2018-11-17,4.818
2018-11-18,4.831
2018-11-19,4.831
2018-11-20,4.831
2018-11-21,4.818
2018-11-22,4.831
2018-11-23,2.909
2018-11-24,4.831
2018-11-25,4.831
2018-11-26,4.831
2018-11-27,4.818
2018-11-28,4.831
2018-11-29,4.831
2018-11-30,4.831
2018-12-01,4.843
2018-12-02,4.831
2018-12-03,4.843
2018-12-04,4.831
2018-12-05,4.831
2018-12-06,4.831
2018-12-07,4.843
2018-12-08,4.831
2018-12-09,4.831
2018-12-10,4.818
2018-12-11,4.831
2018-12-12,4.818
2018-12-13,4.831
2018-12-14,4.649
2018-12-15,4.661
2018-12-16,4.661
2018-12-17,4.649
2018-12-18,4.636
2018-12-19,4.649
2018-12-20,4.624
2018-12-21,4.649
2018-12-22,2.791
2018-12-23,4.661
2018-12-24,4.636
2018-12-25,4.624
2018-12-26,4.612
2018-12-27,4.624
2018-12-28,4.636
2018-12-29,4.624
2018-12-30,4.649
2018-12-31,4.649
2019-01-01,2.791
2019-01-02,4.636
2019-01-03,4.649
2019-01-04,4.649
2019-01-05,4.649
2019-01-06,4.636
2019-01-07,4.624
2019-01-08,4.624
2019-01-09,4.6
2019-01-10,4.831
2019-01-11,4.831
2019-01-12,4.831
2019-01-13,4.831
2019-01-14,2.901
2019-01-15,4.818
2019-01-16,4.818
2019-01-17,4.831
2019-01-18,4.843
2019-01-19,4.831
2019-01-20,4.649
2019-01-21,4.649
2019-01-22,4.624
2019-01-23,4.624
2019-01-24,4.649
2019-01-25,4.624
2019-01-26,4.624
2019-01-27,4.624
2019-01-28,4.636
2019-01-29,4.636
2019-01-30,4.636
2019-01-31,4.624
2019-02-01,4.612
2019-02-02,4.6
2019-02-03,4.6
2019-02-04,4.6
2019-02-05,4.6
2019-02-06,4.6
2019-02-07,4.6
2019-02-08,4.624
2019-02-09,4.636
2019-02-10,4.636
2019-02-11,4.624
2019-02-12,4.6
2019-02-13,4.636
2019-02-14,4.624
2019-02-15,4.6
2019-02-16,4.6
2019-02-17,4.588
2019-02-18,4.588
2019-02-19,4.6
2019-02-20,4.612
2019-02-21,4.624
2019-02-22,4.612
2019-02-23,4.6
2019-02-24,4.612
2019-02-25,4.612
2019-02-26,4.6
2019-02-27,4.6
2019-02-28,4.575
2019-03-01,4.575
2019-03-02,4.575
2019-03-03,2.73
2019-03-04,2.766
2019-03-05,4.636
2019-03-06,4.636
2019-03-07,4.636
2019-03-08,4.6
2019-03-09,4.6
2019-03-10,4.575
2019-03-11,4.563
2019-03-12,4.563
2019-03-13,4.575
2019-03-14,4.588
2019-03-15,4.588
2019-03-16,4.624
2019-03-17,2.754
2019-03-18,4.612
2019-03-19,4.831
2019-03-20,4.612
2019-03-21,4.6
2019-03-22,4.6
2019-03-23,2.742
2019-03-24,4.575
2019-03-25,2.718
2019-03-26,4.575
2019-03-27,5.118
2019-03-28,4.843
2019-03-29,2.918
2019-03-30,4.843
2019-03-31,4.831
2019-04-01,4.818
2019-04-02,4.612
2019-04-03,4.6
2019-04-04,4.588
2019-04-05,4.588
2019-04-06,4.575
2019-04-07,4.575
2019-04-08,4.588
2019-04-09,4.588
2019-04-10,4.6
2019-04-11,4.551
2019-04-12,4.575
2019-04-13,4.588
2019-04-14,4.6
2019-04-15,4.6
2019-04-16,4.588
2019-04-17,4.575
2019-04-18,4.575
2019-04-19,4.588
2019-04-20,4.588
2019-04-21,4.588
2019-04-22,4.575
2019-04-23,4.563
2019-04-24,4.563
2019-04-25,4.575
2019-04-26,4.575
2019-04-27,4.575
2019-04-28,4.575
2019-04-29,4.563
2019-04-30,4.563
2019-05-01,4.563
2019-05-02,4.551
2019-05-03,4.551
2019-05-04,4.563
2019-05-05,4.563
2019-05-06,4.563
2019-05-07,4.563
2019-05-08,4.551
2019-05-09,4.539
2019-05-10,4.843
2019-05-11,4.843
2019-05-12,4.843
2019-05-13,4.588
2019-05-14,7.267
2019-05-15,2.927
2019-05-16,4.855
2019-05-17,4.575
2019-05-18,4.563
2019-05-19,4.563
2019-05-20,4.563
2019-05-21,4.575
2019-05-22,4.563
2019-05-23,4.563
2019-05-24,4.563
2019-05-25,4.563
2019-05-26,4.563
2019-05-27,4.563
2019-05-28,4.563
2019-05-29,4.575
2019-05-30,4.563
2019-05-31,0.274
2019-06-01,4.563
2020-02-10,2.96
2020-08-03,0.62
